markdownlint-cli2........................................................Failed
- hook id: markdownlint-cli2
- exit code: 1

markdownlint-cli2 v0.15.0 (markdownlint v0.36.1)
Finding: .specify/spec.md PROMPT_HISTORY.md automation_audit.md CHANGE_LOG.md
Linting: 4 file(s)
Summary: 103 error(s)
.specify/spec.md:22 MD022/blanks-around-headings Headings should be surrounded by blank lines [Expected: 1; Actual: 0; Above] [Context: "## Overview"]
.specify/spec.md:22 MD022/blanks-around-headings Headings should be surrounded by blank lines [Expected: 1; Actual: 0; Below] [Context: "## Overview"]
.specify/spec.md:23:81 MD013/line-length Line length [Expected: 80; Actual: 192]
.specify/spec.md:27 MD022/blanks-around-headings Headings should be surrounded by blank lines [Expected: 1; Actual: 0; Below] [Context: "### 1. Physician Starts a Session"]
.specify/spec.md:28 MD032/blanks-around-lists Lists should be surrounded by blank lines [Context: "- **As a** physician"]
.specify/spec.md:32 MD022/blanks-around-headings Headings should be surrounded by blank lines [Expected: 1; Actual: 0; Below] [Context: "### 2. Real-Time Transcription"]
.specify/spec.md:33 MD032/blanks-around-lists Lists should be surrounded by blank lines [Context: "- **As a** physician"]
.specify/spec.md:37 MD022/blanks-around-headings Headings should be surrounded by blank lines [Expected: 1; Actual: 0; Below] [Context: "### 3. Speaker Identification (Diarization)"]
.specify/spec.md:38 MD032/blanks-around-lists Lists should be surrounded by blank lines [Context: "- **As a** physician"]
.specify/spec.md:42 MD022/blanks-around-headings Headings should be surrounded by blank lines [Expected: 1; Actual: 0; Below] [Context: "### 4. Export Transcript"]
.specify/spec.md:43 MD032/blanks-around-lists Lists should be surrounded by blank lines [Context: "- **As a** physician"]
.specify/spec.md:49 MD022/blanks-around-headings Headings should be surrounded by blank lines [Expected: 1; Actual: 0; Below] [Context: "### 4. Sidecar Interface (IPC)"]
.specify/spec.md:51 MD032/blanks-around-lists Lists should be surrounded by blank lines [Context: "- **Payload**: Strict JSON str..."]
.specify/spec.md:52:81 MD013/line-length Line length [Expected: 80; Actual: 129]
.specify/spec.md:54 MD022/blanks-around-headings Headings should be surrounded by blank lines [Expected: 1; Actual: 0; Below] [Context: "### FR-01: Initialization"]
.specify/spec.md:55 MD032/blanks-around-lists Lists should be surrounded by blank lines [Context: "- The app must launch within 5..."]
.specify/spec.md:59 MD022/blanks-around-headings Headings should be surrounded by blank lines [Expected: 1; Actual: 0; Below] [Context: "### FR-02: Recording Control"]
.specify/spec.md:60 MD032/blanks-around-lists Lists should be surrounded by blank lines [Context: "- "Start Recording" button (pr..."]
.specify/spec.md:64 MD022/blanks-around-headings Headings should be surrounded by blank lines [Expected: 1; Actual: 0; Below] [Context: "### FR-03: Transcription Display"]
.specify/spec.md:65 MD032/blanks-around-lists Lists should be surrounded by blank lines [Context: "- Text must be appended to the..."]
.specify/spec.md:66:81 MD013/line-length Line length [Expected: 80; Actual: 154]
.specify/spec.md:69 MD022/blanks-around-headings Headings should be surrounded by blank lines [Expected: 1; Actual: 0; Below] [Context: "### FR-04: Configuration"]
.specify/spec.md:70 MD032/blanks-around-lists Lists should be surrounded by blank lines [Context: "- Option to select microphone ..."]
.specify/spec.md:73 MD022/blanks-around-headings Headings should be surrounded by blank lines [Expected: 1; Actual: 0; Below] [Context: "### FR-05: Design System (Clean Swiss Style)"]
.specify/spec.md:74 MD032/blanks-around-lists Lists should be surrounded by blank lines [Context: "- **Aesthetic**: Clean Swiss S..."]
.specify/spec.md:75:1 MD007/ul-indent Unordered list indentation [Expected: 2; Actual: 4]
.specify/spec.md:76:1 MD007/ul-indent Unordered list indentation [Expected: 2; Actual: 4]
.specify/spec.md:76:81 MD013/line-length Line length [Expected: 80; Actual: 128]
.specify/spec.md:77:1 MD007/ul-indent Unordered list indentation [Expected: 2; Actual: 4]
.specify/spec.md:81 MD022/blanks-around-headings Headings should be surrounded by blank lines [Expected: 1; Actual: 0; Below] [Context: "## Non-Functional Requirements"]
.specify/spec.md:82 MD032/blanks-around-lists Lists should be surrounded by blank lines [Context: "- **Privacy**: No audio data l..."]
.specify/spec.md:83:81 MD013/line-length Line length [Expected: 80; Actual: 102]
.specify/spec.md:84:81 MD013/line-length Line length [Expected: 80; Actual: 109]
.specify/spec.md:86 MD022/blanks-around-headings Headings should be surrounded by blank lines [Expected: 1; Actual: 0; Below] [Context: "## 7. Documentation & Control Requirements"]
.specify/spec.md:87 MD032/blanks-around-lists Lists should be surrounded by blank lines [Context: "- **FR_7.1**: The system must ..."]
.specify/spec.md:88:81 MD013/line-length Line length [Expected: 80; Actual: 121]
automation_audit.md:25 MD022/blanks-around-headings Headings should be surrounded by blank lines [Expected: 1; Actual: 0; Below] [Context: "## 📈 Current Strengths"]
automation_audit.md:26 MD032/blanks-around-lists Lists should be surrounded by blank lines [Context: "- **Audit Trail**: Every test ..."]
automation_audit.md:31 MD022/blanks-around-headings Headings should be surrounded by blank lines [Expected: 1; Actual: 0; Below] [Context: "### 1. Chronological Inversion"]
automation_audit.md:32 MD032/blanks-around-lists Lists should be surrounded by blank lines [Context: "- **Issue**: New test results ..."]
automation_audit.md:33:81 MD013/line-length Line length [Expected: 80; Actual: 110]
automation_audit.md:34:81 MD013/line-length Line length [Expected: 80; Actual: 86]
automation_audit.md:36 MD022/blanks-around-headings Headings should be surrounded by blank lines [Expected: 1; Actual: 0; Below] [Context: "### 2. Environment Blindness"]
automation_audit.md:37 MD032/blanks-around-lists Lists should be surrounded by blank lines [Context: "- **Issue**: The script fails ..."]
automation_audit.md:38:81 MD013/line-length Line length [Expected: 80; Actual: 128]
automation_audit.md:39:81 MD013/line-length Line length [Expected: 80; Actual: 97]
automation_audit.md:41 MD022/blanks-around-headings Headings should be surrounded by blank lines [Expected: 1; Actual: 0; Below] [Context: "### 3. Spec-Execution Gap (Spec-Kit Violation)"]
automation_audit.md:42 MD032/blanks-around-lists Lists should be surrounded by blank lines [Context: "- **Issue**: The tests run in ..."]
automation_audit.md:44:81 MD013/line-length Line length [Expected: 80; Actual: 166]
automation_audit.md:46 MD022/blanks-around-headings Headings should be surrounded by blank lines [Expected: 1; Actual: 0; Below] [Context: "### 4. Fragmented Questions"]
automation_audit.md:47 MD032/blanks-around-lists Lists should be surrounded by blank lines [Context: "- **Issue**: "Critical Questio..."]
automation_audit.md:49:81 MD013/line-length Line length [Expected: 80; Actual: 146]
automation_audit.md:51 MD022/blanks-around-headings Headings should be surrounded by blank lines [Expected: 1; Actual: 0; Below] [Context: "### 5. Fragile Versioning Regex"]
automation_audit.md:52 MD032/blanks-around-lists Lists should be surrounded by blank lines [Context: "- **Issue**: The regex for ver..."]
automation_audit.md:55 MD022/blanks-around-headings Headings should be surrounded by blank lines [Expected: 1; Actual: 0; Below] [Context: "## 🚀 Recommended Next Actions"]
automation_audit.md:56 MD032/blanks-around-lists Lists should be surrounded by blank lines [Context: "1. **Enhance `update_docs.ps1`..."]
automation_audit.md:57:81 MD013/line-length Line length [Expected: 80; Actual: 91]
CHANGE_LOG.md:22 MD022/blanks-around-headings Headings should be surrounded by blank lines [Expected: 1; Actual: 0; Above] [Context: "## 2026-02-14"]
CHANGE_LOG.md:24 MD022/blanks-around-headings Headings should be surrounded by blank lines [Expected: 1; Actual: 0; Below] [Context: "### 20:00 - WhisperX Integration Complete"]
CHANGE_LOG.md:25 MD032/blanks-around-lists Lists should be surrounded by blank lines [Context: "- Implemented real WhisperX tr..."]
CHANGE_LOG.md:31 MD022/blanks-around-headings Headings should be surrounded by blank lines [Expected: 1; Actual: 0; Below] [Context: "### 19:00 - Rust-Python Bridge Phase 1 Complete"]
CHANGE_LOG.md:32 MD032/blanks-around-lists Lists should be surrounded by blank lines [Context: "- Fixed `use of moved value: r..."]
CHANGE_LOG.md:36 MD022/blanks-around-headings Headings should be surrounded by blank lines [Expected: 1; Actual: 0; Below] [Context: "### 16:33 - Duplicate Files Fixed"]
CHANGE_LOG.md:37 MD032/blanks-around-lists Lists should be surrounded by blank lines [Context: "- Fixed: src-tauri/src/rpc.rs ..."]
CHANGE_LOG.md:38:81 MD013/line-length Line length [Expected: 80; Actual: 87]
CHANGE_LOG.md:45 MD022/blanks-around-headings Headings should be surrounded by blank lines [Expected: 1; Actual: 0; Below] [Context: "### 12:25 - OneDrive Restarted"]
CHANGE_LOG.md:46 MD032/blanks-around-lists Lists should be surrounded by blank lines [Context: "- OneDrive was stopped and dis..."]
CHANGE_LOG.md:49 MD022/blanks-around-headings Headings should be surrounded by blank lines [Expected: 1; Actual: 0; Below] [Context: "### 12:24 - File Duplication Issue Investigation"]
CHANGE_LOG.md:50:81 MD013/line-length Line length [Expected: 80; Actual: 89]
CHANGE_LOG.md:50 MD032/blanks-around-lists Lists should be surrounded by blank lines [Context: "- Observed: Every use of write..."]
CHANGE_LOG.md:54 MD022/blanks-around-headings Headings should be surrounded by blank lines [Expected: 1; Actual: 0; Below] [Context: "### 12:19 - OneDrive Investigation"]
CHANGE_LOG.md:55 MD032/blanks-around-lists Lists should be surrounded by blank lines [Context: "- Attempted to stop OneDrive s..."]
CHANGE_LOG.md:59 MD022/blanks-around-headings Headings should be surrounded by blank lines [Expected: 1; Actual: 0; Below] [Context: "### 12:00 - JSON-RPC Contract Creation"]
CHANGE_LOG.md:60 MD032/blanks-around-lists Lists should be surrounded by blank lines [Context: "- Created src-tauri/src/rpc.rs..."]
CHANGE_LOG.md:64 MD022/blanks-around-headings Headings should be surrounded by blank lines [Expected: 1; Actual: 0; Below] [Context: "### 11:58 - lib.rs Modification"]
CHANGE_LOG.md:65 MD032/blanks-around-lists Lists should be surrounded by blank lines [Context: "- Added: mod rpc;"]
CHANGE_LOG.md:69 MD022/blanks-around-headings Headings should be surrounded by blank lines [Expected: 1; Actual: 0; Below] [Context: "### 11:49 - RPC Contract Tests"]
CHANGE_LOG.md:70 MD032/blanks-around-lists Lists should be surrounded by blank lines [Context: "- Created src-tauri/tests/rpc_..."]
CHANGE_LOG.md:75 MD022/blanks-around-headings Headings should be surrounded by blank lines [Expected: 1; Actual: 0; Below] [Context: "## Notes"]
CHANGE_LOG.md:76 MD032/blanks-around-lists Lists should be surrounded by blank lines [Context: "- Current issue: File duplicat..."]
CHANGE_LOG.md:79 MD012/no-multiple-blanks Multiple consecutive blank lines [Expected: 1; Actual: 2]
PROMPT_HISTORY.md:26 MD022/blanks-around-headings Headings should be surrounded by blank lines [Expected: 1; Actual: 0; Below] [Context: "## 📋 Workflow"]
PROMPT_HISTORY.md:27 MD032/blanks-around-lists Lists should be surrounded by blank lines [Context: "- **[ ]** = Navržený (Proposed..."]
PROMPT_HISTORY.md:39:81 MD013/line-length Line length [Expected: 80; Actual: 86]
PROMPT_HISTORY.md:45 MD022/blanks-around-headings Headings should be surrounded by blank lines [Expected: 1; Actual: 0; Below] [Context: "### Aktuální úkol"]
PROMPT_HISTORY.md:48 MD022/blanks-around-headings Headings should be surrounded by blank lines [Expected: 1; Actual: 0; Below] [Context: "### Dokončené úkoly"]
PROMPT_HISTORY.md:53 MD022/blanks-around-headings Headings should be surrounded by blank lines [Expected: 1; Actual: 0; Below] [Context: "## 📋 Navržené Úkoly"]
PROMPT_HISTORY.md:58 MD036/no-emphasis-as-heading Emphasis used instead of a heading [Context: "Soubor vytvořen pro sledování ..."]
PROMPT_HISTORY.md:64 MD022/blanks-around-headings Headings should be surrounded by blank lines [Expected: 1; Actual: 0; Below] [Context: "## 📋 Workflow"]
PROMPT_HISTORY.md:64 MD024/no-duplicate-heading Multiple headings with the same content [Context: "📋 Workflow"]
PROMPT_HISTORY.md:65 MD032/blanks-around-lists Lists should be surrounded by blank lines [Context: "- **[ ]** = Navržený (Proposed..."]
PROMPT_HISTORY.md:71 MD024/no-duplicate-heading Multiple headings with the same content [Context: "🤖 Historie Promptů"]
PROMPT_HISTORY.md:73 MD024/no-duplicate-heading Multiple headings with the same content [Context: "2026-02-14"]
PROMPT_HISTORY.md:77:81 MD013/line-length Line length [Expected: 80; Actual: 86]
PROMPT_HISTORY.md:81 MD024/no-duplicate-heading Multiple headings with the same content [Context: "📋 Úkoly k Provádění"]
PROMPT_HISTORY.md:83 MD022/blanks-around-headings Headings should be surrounded by blank lines [Expected: 1; Actual: 0; Below] [Context: "### Aktuální úkol"]
PROMPT_HISTORY.md:83 MD024/no-duplicate-heading Multiple headings with the same content [Context: "Aktuální úkol"]
PROMPT_HISTORY.md:86 MD022/blanks-around-headings Headings should be surrounded by blank lines [Expected: 1; Actual: 0; Below] [Context: "### Dokončené úkoly"]
PROMPT_HISTORY.md:86 MD024/no-duplicate-heading Multiple headings with the same content [Context: "Dokončené úkoly"]
PROMPT_HISTORY.md:91 MD022/blanks-around-headings Headings should be surrounded by blank lines [Expected: 1; Actual: 0; Below] [Context: "## 📋 Navržené Úkoly"]
PROMPT_HISTORY.md:91 MD024/no-duplicate-heading Multiple headings with the same content [Context: "📋 Navržené Úkoly"]
PROMPT_HISTORY.md:96 MD036/no-emphasis-as-heading Emphasis used instead of a heading [Context: "Soubor vytvořen pro sledování ..."]
PROMPT_HISTORY.md:98 MD012/no-multiple-blanks Multiple consecutive blank lines [Expected: 1; Actual: 2]
markdownlint-cli2 v0.15.0 (markdownlint v0.36.1)
Finding: logs/README.md TEST_INSPIRATION.md .agent/workflows/review.md .specify/plan.md
Linting: 4 file(s)
Summary: 116 error(s)
.agent/workflows/review.md:23 MD003/heading-style Heading style [Expected: atx; Actual: setext]
.agent/workflows/review.md:23:81 MD013/line-length Line length [Expected: 80; Actual: 110]
.agent/workflows/review.md:23 MD022/blanks-around-headings Headings should be surrounded by blank lines [Expected: 1; Actual: 0; Above] [Context: "description: Review pending Git changes as a senior engineer, ensuring Spec-Kit compliance and release safety."]
.agent/workflows/review.md:23:110 MD026/no-trailing-punctuation Trailing punctuation in heading [Punctuation: '.']
.agent/workflows/review.md:26 MD025/single-title/single-h1 Multiple top-level headings in the same document [Context: "aSTT-RUST Spec-Driven Code Rev..."]
.agent/workflows/review.md:28:88 MD009/no-trailing-spaces Trailing spaces [Expected: 0 or 2; Actual: 1]
.agent/workflows/review.md:28:81 MD013/line-length Line length [Expected: 80; Actual: 88]
.agent/workflows/review.md:29:81 MD013/line-length Line length [Expected: 80; Actual: 113]
.agent/workflows/review.md:43 MD032/blanks-around-lists Lists should be surrounded by blank lines [Context: "- Rust (`.rs`)"]
.agent/workflows/review.md:53 MD032/blanks-around-lists Lists should be surrounded by blank lines [Context: "1. **Read the current file con..."]
.agent/workflows/review.md:54 MD032/blanks-around-lists Lists should be surrounded by blank lines [Context: "2. **Read the diff** to see sp..."]
.agent/workflows/review.md:55 MD031/blanks-around-fences Fenced code blocks should be surrounded by blank lines [Context: "```bash"]
.agent/workflows/review.md:63 MD022/blanks-around-headings Headings should be surrounded by blank lines [Expected: 1; Actual: 0; Below] [Context: "#### A. Spec-Kit Compliance (NON-NEGOTIABLE)"]
.agent/workflows/review.md:64:81 MD013/line-length Line length [Expected: 80; Actual: 127]
.agent/workflows/review.md:64 MD032/blanks-around-lists Lists should be surrounded by blank lines [Context: "- [ ] **Spec Alignment**: Do t..."]
.agent/workflows/review.md:65:81 MD013/line-length Line length [Expected: 80; Actual: 128]
.agent/workflows/review.md:66:81 MD013/line-length Line length [Expected: 80; Actual: 149]
.agent/workflows/review.md:67:81 MD013/line-length Line length [Expected: 80; Actual: 116]
.agent/workflows/review.md:69 MD022/blanks-around-headings Headings should be surrounded by blank lines [Expected: 1; Actual: 0; Below] [Context: "#### B. IPC & Schema Integrity"]
.agent/workflows/review.md:70:81 MD013/line-length Line length [Expected: 80; Actual: 116]
.agent/workflows/review.md:70 MD032/blanks-around-lists Lists should be surrounded by blank lines [Context: "- [ ] **JSON-RPC Contract**: I..."]
.agent/workflows/review.md:71:81 MD013/line-length Line length [Expected: 80; Actual: 92]
.agent/workflows/review.md:73 MD022/blanks-around-headings Headings should be surrounded by blank lines [Expected: 1; Actual: 0; Below] [Context: "#### C. Performance & Security (Article IX)"]
.agent/workflows/review.md:74:81 MD013/line-length Line length [Expected: 80; Actual: 108]
.agent/workflows/review.md:74 MD032/blanks-around-lists Lists should be surrounded by blank lines [Context: "- [ ] **CPU/RAM Gate**: Will t..."]
.agent/workflows/review.md:75:81 MD013/line-length Line length [Expected: 80; Actual: 107]
.agent/workflows/review.md:78 MD022/blanks-around-headings Headings should be surrounded by blank lines [Expected: 1; Actual: 0; Below] [Context: "#### D. Data Compatibility (CRITICAL)"]
.agent/workflows/review.md:79 MD032/blanks-around-lists Lists should be surrounded by blank lines [Context: "- [ ] **Breaking changes** to ..."]
.agent/workflows/review.md:82 MD022/blanks-around-headings Headings should be surrounded by blank lines [Expected: 1; Actual: 0; Below] [Context: "#### E. Code Quality (SOLID/DRY)"]
.agent/workflows/review.md:83 MD032/blanks-around-lists Lists should be surrounded by blank lines [Context: "- [ ] **SOLID**: Does each new..."]
.agent/workflows/review.md:84:81 MD013/line-length Line length [Expected: 80; Actual: 95]
.agent/workflows/review.md:98:81 MD013/line-length Line length [Expected: 80; Actual: 97]
.agent/workflows/review.md:115:81 MD013/line-length Line length [Expected: 80; Actual: 94]
.agent/workflows/review.md:121 MD022/blanks-around-headings Headings should be surrounded by blank lines [Expected: 1; Actual: 0; Below] [Context: "### 5. Implementation Policy"]
.agent/workflows/review.md:122 MD032/blanks-around-lists Lists should be surrounded by blank lines [Context: "- **Never auto-commit.** Alway..."]
.agent/workflows/review.md:123:81 MD013/line-length Line length [Expected: 80; Actual: 114]
.agent/workflows/review.md:124:81 MD013/line-length Line length [Expected: 80; Actual: 111]
.specify/plan.md:22 MD022/blanks-around-headings Headings should be surrounded by blank lines [Expected: 1; Actual: 0; Above] [Context: "## Goal Description"]
.specify/plan.md:22 MD022/blanks-around-headings Headings should be surrounded by blank lines [Expected: 1; Actual: 0; Below] [Context: "## Goal Description"]
.specify/plan.md:23:81 MD013/line-length Line length [Expected: 80; Actual: 141]
.specify/plan.md:24:81 MD013/line-length Line length [Expected: 80; Actual: 235]
.specify/plan.md:26 MD022/blanks-around-headings Headings should be surrounded by blank lines [Expected: 1; Actual: 0; Below] [Context: "## User Review Required"]
.specify/plan.md:28:81 MD013/line-length Line length [Expected: 80; Actual: 268]
.specify/plan.md:29 MD028/no-blanks-blockquote Blank line inside blockquote
.specify/plan.md:32:81 MD013/line-length Line length [Expected: 80; Actual: 154]
.specify/plan.md:32 MD032/blanks-around-lists Lists should be surrounded by blank lines [Context: "> 1. **Library-First (Art. I)*..."]
.specify/plan.md:33:81 MD013/line-length Line length [Expected: 80; Actual: 155]
.specify/plan.md:34:81 MD013/line-length Line length [Expected: 80; Actual: 104]
.specify/plan.md:38 MD022/blanks-around-headings Headings should be surrounded by blank lines [Expected: 1; Actual: 0; Below] [Context: "### Project Root"]
.specify/plan.md:39 MD022/blanks-around-headings Headings should be surrounded by blank lines [Expected: 1; Actual: 0; Above] [Context: "#### [NEW] [.venv](file:///c:/Users/adamf/OneDrive/Dokumenty/aSTT-RUST/.venv/)"]
.specify/plan.md:39 MD022/blanks-around-headings Headings should be surrounded by blank lines [Expected: 1; Actual: 0; Below] [Context: "#### [NEW] [.venv](file:///c:/Users/adamf/OneDrive/Dokumenty/aSTT-RUST/.venv/)"]
.specify/plan.md:40 MD032/blanks-around-lists Lists should be surrounded by blank lines [Context: "- Local virtual environment fo..."]
.specify/plan.md:42 MD022/blanks-around-headings Headings should be surrounded by blank lines [Expected: 1; Actual: 0; Below] [Context: "#### [NEW] [sandbox/portable_bench](file:///c:/Users/adamf/OneDrive/Dokumenty/aSTT-RUST/sandbox/portable_bench/)"]
.specify/plan.md:43:81 MD013/line-length Line length [Expected: 80; Actual: 140]
.specify/plan.md:43 MD032/blanks-around-lists Lists should be surrounded by blank lines [Context: "- **setup.ps1**: PowerShell sc..."]
.specify/plan.md:44:81 MD013/line-length Line length [Expected: 80; Actual: 94]
.specify/plan.md:47 MD022/blanks-around-headings Headings should be surrounded by blank lines [Expected: 1; Actual: 0; Below] [Context: "#### [NEW] [package.json](file:///c:/Users/adamf/OneDrive/Dokumenty/aSTT-RUST/package.json)"]
.specify/plan.md:48 MD032/blanks-around-lists Lists should be surrounded by blank lines [Context: "- Setup for the monorepo-like ..."]
.specify/plan.md:51 MD022/blanks-around-headings Headings should be surrounded by blank lines [Expected: 1; Actual: 0; Below] [Context: "#### [NEW] [Tauri Configuration](file:///c:/Users/adamf/OneDrive/Dokumenty/aSTT-RUST/src-tauri/tauri.conf.json)"]
.specify/plan.md:52 MD032/blanks-around-lists Lists should be surrounded by blank lines [Context: "- Basic Tauri config with side..."]
.specify/plan.md:54 MD022/blanks-around-headings Headings should be surrounded by blank lines [Expected: 1; Actual: 0; Below] [Context: "### Frontend (UI)"]
.specify/plan.md:55 MD022/blanks-around-headings Headings should be surrounded by blank lines [Expected: 1; Actual: 0; Above] [Context: "#### [NEW] [src-ui](file:///c:/Users/adamf/OneDrive/Dokumenty/aSTT-RUST/src-ui/)"]
.specify/plan.md:55 MD022/blanks-around-headings Headings should be surrounded by blank lines [Expected: 1; Actual: 0; Below] [Context: "#### [NEW] [src-ui](file:///c:/Users/adamf/OneDrive/Dokumenty/aSTT-RUST/src-ui/)"]
.specify/plan.md:56 MD032/blanks-around-lists Lists should be surrounded by blank lines [Context: "- Initialize a Vite + Svelte +..."]
.specify/plan.md:59 MD022/blanks-around-headings Headings should be surrounded by blank lines [Expected: 1; Actual: 0; Below] [Context: "### Backend (Rust)"]
.specify/plan.md:60 MD022/blanks-around-headings Headings should be surrounded by blank lines [Expected: 1; Actual: 0; Above] [Context: "#### [NEW] [src-tauri](file:///c:/Users/adamf/OneDrive/Dokumenty/aSTT-RUST/src-tauri/)"]
.specify/plan.md:60 MD022/blanks-around-headings Headings should be surrounded by blank lines [Expected: 1; Actual: 0; Below] [Context: "#### [NEW] [src-tauri](file:///c:/Users/adamf/OneDrive/Dokumenty/aSTT-RUST/src-tauri/)"]
.specify/plan.md:61 MD032/blanks-around-lists Lists should be surrounded by blank lines [Context: "- **main.rs**: Entry point."]
.specify/plan.md:64:1 MD007/ul-indent Unordered list indentation [Expected: 2; Actual: 4]
.specify/plan.md:65:1 MD007/ul-indent Unordered list indentation [Expected: 2; Actual: 4]
.specify/plan.md:66:1 MD007/ul-indent Unordered list indentation [Expected: 2; Actual: 4]
.specify/plan.md:68 MD022/blanks-around-headings Headings should be surrounded by blank lines [Expected: 1; Actual: 0; Below] [Context: "### Sidecar (Python)"]
.specify/plan.md:69 MD022/blanks-around-headings Headings should be surrounded by blank lines [Expected: 1; Actual: 0; Above] [Context: "#### [NEW] [src-python](file:///c:/Users/adamf/OneDrive/Dokumenty/aSTT-RUST/src-python/)"]
.specify/plan.md:69 MD022/blanks-around-headings Headings should be surrounded by blank lines [Expected: 1; Actual: 0; Below] [Context: "#### [NEW] [src-python](file:///c:/Users/adamf/OneDrive/Dokumenty/aSTT-RUST/src-python/)"]
.specify/plan.md:70 MD032/blanks-around-lists Lists should be surrounded by blank lines [Context: "- **main.py**: Entry point for..."]
.specify/plan.md:76 MD022/blanks-around-headings Headings should be surrounded by blank lines [Expected: 1; Actual: 0; Below] [Context: "### Automated Tests (The "Red" Phase)"]
.specify/plan.md:77 MD032/blanks-around-lists Lists should be surrounded by blank lines [Context: "- **Article III Gate**: Before..."]
.specify/plan.md:78:1 MD007/ul-indent Unordered list indentation [Expected: 2; Actual: 4]
.specify/plan.md:79:1 MD007/ul-indent Unordered list indentation [Expected: 2; Actual: 4]
.specify/plan.md:80:1 MD007/ul-indent Unordered list indentation [Expected: 2; Actual: 4]
.specify/plan.md:80:81 MD013/line-length Line length [Expected: 80; Actual: 107]
.specify/plan.md:82 MD022/blanks-around-headings Headings should be surrounded by blank lines [Expected: 1; Actual: 0; Below] [Context: "### Article IX: Integration-First Verification"]
.specify/plan.md:83:81 MD013/line-length Line length [Expected: 80; Actual: 128]
.specify/plan.md:83 MD032/blanks-around-lists Lists should be surrounded by blank lines [Context: "- **Hardware Bench**: Use `san..."]
.specify/plan.md:85 MD022/blanks-around-headings Headings should be surrounded by blank lines [Expected: 1; Actual: 0; Below] [Context: "### Manual Verification"]
.specify/plan.md:86 MD032/blanks-around-lists Lists should be surrounded by blank lines [Context: "1. **Sidecar Communication**:"]
.specify/plan.md:88:81 MD013/line-length Line length [Expected: 80; Actual: 101]
.specify/plan.md:92:81 MD013/line-length Line length [Expected: 80; Actual: 165]
logs/README.md:36 MD024/no-duplicate-heading Multiple headings with the same content [Context: "Struktura"]
logs/README.md:42 MD024/no-duplicate-heading Multiple headings with the same content [Context: "Automatizace"]
logs/README.md:46 MD012/no-multiple-blanks Multiple consecutive blank lines [Expected: 1; Actual: 2]
TEST_INSPIRATION.md:22:81 MD013/line-length Line length [Expected: 80; Actual: 134]
TEST_INSPIRATION.md:24 MD022/blanks-around-headings Headings should be surrounded by blank lines [Expected: 1; Actual: 0; Below] [Context: "## 1. Test-First Imperative (Article III)"]
TEST_INSPIRATION.md:25:81 MD013/line-length Line length [Expected: 80; Actual: 94]
TEST_INSPIRATION.md:27:14 MD009/no-trailing-spaces Trailing spaces [Expected: 0 or 2; Actual: 1]
TEST_INSPIRATION.md:27 MD022/blanks-around-headings Headings should be surrounded by blank lines [Expected: 1; Actual: 0; Below] [Context: "### Workflow:"]
TEST_INSPIRATION.md:27:13 MD026/no-trailing-punctuation Trailing punctuation in heading [Punctuation: ':']
TEST_INSPIRATION.md:28:81 MD013/line-length Line length [Expected: 80; Actual: 121]
TEST_INSPIRATION.md:28 MD032/blanks-around-lists Lists should be surrounded by blank lines [Context: "1. **Red Phase**: Napíšete tes..."]
TEST_INSPIRATION.md:29:81 MD013/line-length Line length [Expected: 80; Actual: 89]
TEST_INSPIRATION.md:35 MD022/blanks-around-headings Headings should be surrounded by blank lines [Expected: 1; Actual: 0; Below] [Context: "## 2. Integration-First Testing (Article IX)"]
TEST_INSPIRATION.md:36:81 MD013/line-length Line length [Expected: 80; Actual: 93]
TEST_INSPIRATION.md:38 MD022/blanks-around-headings Headings should be surrounded by blank lines [Expected: 1; Actual: 0; Below] [Context: "### Klíčové oblasti:"]
TEST_INSPIRATION.md:38:20 MD026/no-trailing-punctuation Trailing punctuation in heading [Punctuation: ':']
TEST_INSPIRATION.md:39:81 MD013/line-length Line length [Expected: 80; Actual: 125]
TEST_INSPIRATION.md:39 MD032/blanks-around-lists Lists should be surrounded by blank lines [Context: "- **Contract Testing (Pact/Cus..."]
TEST_INSPIRATION.md:46 MD022/blanks-around-headings Headings should be surrounded by blank lines [Expected: 1; Actual: 0; Below] [Context: "### A. Rust Contract Test (v `src-tauri/tests/contracts.rs`)"]
TEST_INSPIRATION.md:47 MD031/blanks-around-fences Fenced code blocks should be surrounded by blank lines [Context: "```rust"]
TEST_INSPIRATION.md:58 MD022/blanks-around-headings Headings should be surrounded by blank lines [Expected: 1; Actual: 0; Below] [Context: "### B. Python Unit Test (v `src-python/tests/test_inference.py`)"]
TEST_INSPIRATION.md:59 MD031/blanks-around-fences Fenced code blocks should be surrounded by blank lines [Context: "```python"]
TEST_INSPIRATION.md:67 MD022/blanks-around-headings Headings should be surrounded by blank lines [Expected: 1; Actual: 0; Below] [Context: "### C. Gherkin (Spec-Driven Example)"]
TEST_INSPIRATION.md:68 MD031/blanks-around-fences Fenced code blocks should be surrounded by blank lines [Context: "```gherkin"]
TEST_INSPIRATION.md:78 MD022/blanks-around-headings Headings should be surrounded by blank lines [Expected: 1; Actual: 0; Below] [Context: "## 4. Quality Gates"]
TEST_INSPIRATION.md:80 MD032/blanks-around-lists Lists should be surrounded by blank lines [Context: "- [ ] **Unit Tests** (pokrytí ..."]
TEST_INSPIRATION.md:82:81 MD013/line-length Line length [Expected: 80; Actual: 98]
TEST_INSPIRATION.md:85:81 MD013/line-length Line length [Expected: 80; Actual: 90]
markdownlint-cli2 v0.15.0 (markdownlint v0.36.1)
Finding: QA_REPORT.md README.md .kilocode/rules/rules.md sandbox/portable_bench/README.md
Linting: 4 file(s)
Summary: 1025 error(s)
.kilocode/rules/rules.md:22 MD022/blanks-around-headings Headings should be surrounded by blank lines [Expected: 1; Actual: 0; Above] [Context: "## Pravidla pro přepínání módu"]
.kilocode/rules/rules.md:26:81 MD013/line-length Line length [Expected: 80; Actual: 132]
.kilocode/rules/rules.md:48 MD036/no-emphasis-as-heading Emphasis used instead of a heading [Context: "Vytvořeno: 2026-02-15 03:57 (U..."]
QA_REPORT.md:47 MD012/no-multiple-blanks Multiple consecutive blank lines [Expected: 1; Actual: 2]
QA_REPORT.md:48 MD024/no-duplicate-heading Multiple headings with the same content [Context: "System Health (Agent-Monitored..."]
QA_REPORT.md:58 MD012/no-multiple-blanks Multiple consecutive blank lines [Expected: 1; Actual: 2]
QA_REPORT.md:59 MD024/no-duplicate-heading Multiple headings with the same content [Context: "System Health (Agent-Monitored..."]
QA_REPORT.md:73 MD022/blanks-around-headings Headings should be surrounded by blank lines [Expected: 1; Actual: 0; Below] [Context: "### Current Priority: Phase 1 (Core Prototype)"]
QA_REPORT.md:88 MD022/blanks-around-headings Headings should be surrounded by blank lines [Expected: 1; Actual: 0; Below] [Context: "### Phase 1: Core Prototype (In Progress)"]
QA_REPORT.md:89 MD032/blanks-around-lists Lists should be surrounded by blank lines [Context: "- [x] Rust-Python JSON-RPC bri..."]
QA_REPORT.md:94 MD022/blanks-around-headings Headings should be surrounded by blank lines [Expected: 1; Actual: 0; Below] [Context: "### Phase 2-4: Future"]
QA_REPORT.md:95 MD032/blanks-around-lists Lists should be surrounded by blank lines [Context: "- [ ] Diarization Sync."]
QA_REPORT.md:109:81 MD013/line-length Line length [Expected: 80; Actual: 88]
QA_REPORT.md:116 MD022/blanks-around-headings Headings should be surrounded by blank lines [Expected: 1; Actual: 0; Below] [Context: "## Automated Test Log"]
QA_REPORT.md:117 MD036/no-emphasis-as-heading Emphasis used instead of a heading [Context: "(Most recent system health che..."]
QA_REPORT.md:119:81 MD013/line-length Line length [Expected: 80; Actual: 92]
QA_REPORT.md:122:81 MD013/line-length Line length [Expected: 80; Actual: 87]
QA_REPORT.md:138 MD012/no-multiple-blanks Multiple consecutive blank lines [Expected: 1; Actual: 2]
QA_REPORT.md:139 MD012/no-multiple-blanks Multiple consecutive blank lines [Expected: 1; Actual: 3]
QA_REPORT.md:140 MD012/no-multiple-blanks Multiple consecutive blank lines [Expected: 1; Actual: 4]
QA_REPORT.md:141 MD012/no-multiple-blanks Multiple consecutive blank lines [Expected: 1; Actual: 5]
QA_REPORT.md:142 MD012/no-multiple-blanks Multiple consecutive blank lines [Expected: 1; Actual: 6]
QA_REPORT.md:143 MD012/no-multiple-blanks Multiple consecutive blank lines [Expected: 1; Actual: 7]
QA_REPORT.md:144 MD012/no-multiple-blanks Multiple consecutive blank lines [Expected: 1; Actual: 8]
QA_REPORT.md:145 MD012/no-multiple-blanks Multiple consecutive blank lines [Expected: 1; Actual: 9]
QA_REPORT.md:146 MD012/no-multiple-blanks Multiple consecutive blank lines [Expected: 1; Actual: 10]
QA_REPORT.md:147 MD012/no-multiple-blanks Multiple consecutive blank lines [Expected: 1; Actual: 11]
QA_REPORT.md:148 MD012/no-multiple-blanks Multiple consecutive blank lines [Expected: 1; Actual: 12]
QA_REPORT.md:149 MD012/no-multiple-blanks Multiple consecutive blank lines [Expected: 1; Actual: 13]
QA_REPORT.md:150 MD012/no-multiple-blanks Multiple consecutive blank lines [Expected: 1; Actual: 14]
QA_REPORT.md:151 MD012/no-multiple-blanks Multiple consecutive blank lines [Expected: 1; Actual: 15]
QA_REPORT.md:152 MD012/no-multiple-blanks Multiple consecutive blank lines [Expected: 1; Actual: 16]
QA_REPORT.md:153 MD012/no-multiple-blanks Multiple consecutive blank lines [Expected: 1; Actual: 17]
QA_REPORT.md:154 MD012/no-multiple-blanks Multiple consecutive blank lines [Expected: 1; Actual: 18]
QA_REPORT.md:155 MD012/no-multiple-blanks Multiple consecutive blank lines [Expected: 1; Actual: 19]
QA_REPORT.md:156 MD012/no-multiple-blanks Multiple consecutive blank lines [Expected: 1; Actual: 20]
QA_REPORT.md:157 MD012/no-multiple-blanks Multiple consecutive blank lines [Expected: 1; Actual: 21]
QA_REPORT.md:158 MD012/no-multiple-blanks Multiple consecutive blank lines [Expected: 1; Actual: 22]
QA_REPORT.md:159 MD012/no-multiple-blanks Multiple consecutive blank lines [Expected: 1; Actual: 23]
QA_REPORT.md:160 MD012/no-multiple-blanks Multiple consecutive blank lines [Expected: 1; Actual: 24]
QA_REPORT.md:161 MD012/no-multiple-blanks Multiple consecutive blank lines [Expected: 1; Actual: 25]
QA_REPORT.md:162 MD012/no-multiple-blanks Multiple consecutive blank lines [Expected: 1; Actual: 26]
QA_REPORT.md:163 MD012/no-multiple-blanks Multiple consecutive blank lines [Expected: 1; Actual: 27]
QA_REPORT.md:164 MD012/no-multiple-blanks Multiple consecutive blank lines [Expected: 1; Actual: 28]
QA_REPORT.md:165 MD012/no-multiple-blanks Multiple consecutive blank lines [Expected: 1; Actual: 29]
QA_REPORT.md:166 MD012/no-multiple-blanks Multiple consecutive blank lines [Expected: 1; Actual: 30]
QA_REPORT.md:167 MD012/no-multiple-blanks Multiple consecutive blank lines [Expected: 1; Actual: 31]
QA_REPORT.md:168 MD012/no-multiple-blanks Multiple consecutive blank lines [Expected: 1; Actual: 32]
QA_REPORT.md:169 MD012/no-multiple-blanks Multiple consecutive blank lines [Expected: 1; Actual: 33]
QA_REPORT.md:170 MD012/no-multiple-blanks Multiple consecutive blank lines [Expected: 1; Actual: 34]
QA_REPORT.md:171 MD012/no-multiple-blanks Multiple consecutive blank lines [Expected: 1; Actual: 35]
QA_REPORT.md:172 MD012/no-multiple-blanks Multiple consecutive blank lines [Expected: 1; Actual: 36]
QA_REPORT.md:173 MD012/no-multiple-blanks Multiple consecutive blank lines [Expected: 1; Actual: 37]
QA_REPORT.md:174 MD012/no-multiple-blanks Multiple consecutive blank lines [Expected: 1; Actual: 38]
QA_REPORT.md:175 MD012/no-multiple-blanks Multiple consecutive blank lines [Expected: 1; Actual: 39]
QA_REPORT.md:176 MD012/no-multiple-blanks Multiple consecutive blank lines [Expected: 1; Actual: 40]
QA_REPORT.md:177 MD012/no-multiple-blanks Multiple consecutive blank lines [Expected: 1; Actual: 41]
QA_REPORT.md:178 MD012/no-multiple-blanks Multiple consecutive blank lines [Expected: 1; Actual: 42]
QA_REPORT.md:179 MD012/no-multiple-blanks Multiple consecutive blank lines [Expected: 1; Actual: 43]
QA_REPORT.md:180 MD012/no-multiple-blanks Multiple consecutive blank lines [Expected: 1; Actual: 44]
QA_REPORT.md:181 MD012/no-multiple-blanks Multiple consecutive blank lines [Expected: 1; Actual: 45]
QA_REPORT.md:182 MD012/no-multiple-blanks Multiple consecutive blank lines [Expected: 1; Actual: 46]
QA_REPORT.md:183 MD012/no-multiple-blanks Multiple consecutive blank lines [Expected: 1; Actual: 47]
QA_REPORT.md:184 MD012/no-multiple-blanks Multiple consecutive blank lines [Expected: 1; Actual: 48]
QA_REPORT.md:185 MD012/no-multiple-blanks Multiple consecutive blank lines [Expected: 1; Actual: 49]
QA_REPORT.md:186 MD012/no-multiple-blanks Multiple consecutive blank lines [Expected: 1; Actual: 50]
QA_REPORT.md:187 MD012/no-multiple-blanks Multiple consecutive blank lines [Expected: 1; Actual: 51]
QA_REPORT.md:188 MD012/no-multiple-blanks Multiple consecutive blank lines [Expected: 1; Actual: 52]
QA_REPORT.md:189 MD012/no-multiple-blanks Multiple consecutive blank lines [Expected: 1; Actual: 53]
QA_REPORT.md:190 MD012/no-multiple-blanks Multiple consecutive blank lines [Expected: 1; Actual: 54]
QA_REPORT.md:191 MD012/no-multiple-blanks Multiple consecutive blank lines [Expected: 1; Actual: 55]
QA_REPORT.md:192 MD012/no-multiple-blanks Multiple consecutive blank lines [Expected: 1; Actual: 56]
QA_REPORT.md:193 MD012/no-multiple-blanks Multiple consecutive blank lines [Expected: 1; Actual: 57]
QA_REPORT.md:194 MD012/no-multiple-blanks Multiple consecutive blank lines [Expected: 1; Actual: 58]
QA_REPORT.md:195 MD012/no-multiple-blanks Multiple consecutive blank lines [Expected: 1; Actual: 59]
QA_REPORT.md:196 MD012/no-multiple-blanks Multiple consecutive blank lines [Expected: 1; Actual: 60]
QA_REPORT.md:197 MD012/no-multiple-blanks Multiple consecutive blank lines [Expected: 1; Actual: 61]
QA_REPORT.md:198 MD012/no-multiple-blanks Multiple consecutive blank lines [Expected: 1; Actual: 62]
QA_REPORT.md:199 MD012/no-multiple-blanks Multiple consecutive blank lines [Expected: 1; Actual: 63]
QA_REPORT.md:200 MD012/no-multiple-blanks Multiple consecutive blank lines [Expected: 1; Actual: 64]
QA_REPORT.md:201 MD012/no-multiple-blanks Multiple consecutive blank lines [Expected: 1; Actual: 65]
QA_REPORT.md:202 MD012/no-multiple-blanks Multiple consecutive blank lines [Expected: 1; Actual: 66]
QA_REPORT.md:203 MD012/no-multiple-blanks Multiple consecutive blank lines [Expected: 1; Actual: 67]
QA_REPORT.md:204 MD012/no-multiple-blanks Multiple consecutive blank lines [Expected: 1; Actual: 68]
QA_REPORT.md:205 MD012/no-multiple-blanks Multiple consecutive blank lines [Expected: 1; Actual: 69]
QA_REPORT.md:206 MD012/no-multiple-blanks Multiple consecutive blank lines [Expected: 1; Actual: 70]
QA_REPORT.md:207 MD012/no-multiple-blanks Multiple consecutive blank lines [Expected: 1; Actual: 71]
QA_REPORT.md:208 MD012/no-multiple-blanks Multiple consecutive blank lines [Expected: 1; Actual: 72]
QA_REPORT.md:209 MD012/no-multiple-blanks Multiple consecutive blank lines [Expected: 1; Actual: 73]
QA_REPORT.md:210 MD012/no-multiple-blanks Multiple consecutive blank lines [Expected: 1; Actual: 74]
QA_REPORT.md:211 MD012/no-multiple-blanks Multiple consecutive blank lines [Expected: 1; Actual: 75]
QA_REPORT.md:212 MD012/no-multiple-blanks Multiple consecutive blank lines [Expected: 1; Actual: 76]
QA_REPORT.md:213 MD012/no-multiple-blanks Multiple consecutive blank lines [Expected: 1; Actual: 77]
QA_REPORT.md:214 MD012/no-multiple-blanks Multiple consecutive blank lines [Expected: 1; Actual: 78]
QA_REPORT.md:215 MD012/no-multiple-blanks Multiple consecutive blank lines [Expected: 1; Actual: 79]
QA_REPORT.md:216 MD012/no-multiple-blanks Multiple consecutive blank lines [Expected: 1; Actual: 80]
QA_REPORT.md:217 MD012/no-multiple-blanks Multiple consecutive blank lines [Expected: 1; Actual: 81]
QA_REPORT.md:218 MD012/no-multiple-blanks Multiple consecutive blank lines [Expected: 1; Actual: 82]
QA_REPORT.md:219 MD012/no-multiple-blanks Multiple consecutive blank lines [Expected: 1; Actual: 83]
QA_REPORT.md:220 MD012/no-multiple-blanks Multiple consecutive blank lines [Expected: 1; Actual: 84]
QA_REPORT.md:221 MD012/no-multiple-blanks Multiple consecutive blank lines [Expected: 1; Actual: 85]
QA_REPORT.md:222 MD012/no-multiple-blanks Multiple consecutive blank lines [Expected: 1; Actual: 86]
QA_REPORT.md:223 MD012/no-multiple-blanks Multiple consecutive blank lines [Expected: 1; Actual: 87]
QA_REPORT.md:224 MD012/no-multiple-blanks Multiple consecutive blank lines [Expected: 1; Actual: 88]
QA_REPORT.md:225 MD012/no-multiple-blanks Multiple consecutive blank lines [Expected: 1; Actual: 89]
QA_REPORT.md:226 MD012/no-multiple-blanks Multiple consecutive blank lines [Expected: 1; Actual: 90]
QA_REPORT.md:227 MD012/no-multiple-blanks Multiple consecutive blank lines [Expected: 1; Actual: 91]
QA_REPORT.md:228 MD012/no-multiple-blanks Multiple consecutive blank lines [Expected: 1; Actual: 92]
QA_REPORT.md:229 MD012/no-multiple-blanks Multiple consecutive blank lines [Expected: 1; Actual: 93]
QA_REPORT.md:230 MD012/no-multiple-blanks Multiple consecutive blank lines [Expected: 1; Actual: 94]
QA_REPORT.md:231 MD012/no-multiple-blanks Multiple consecutive blank lines [Expected: 1; Actual: 95]
QA_REPORT.md:232 MD012/no-multiple-blanks Multiple consecutive blank lines [Expected: 1; Actual: 96]
QA_REPORT.md:233 MD012/no-multiple-blanks Multiple consecutive blank lines [Expected: 1; Actual: 97]
QA_REPORT.md:234 MD012/no-multiple-blanks Multiple consecutive blank lines [Expected: 1; Actual: 98]
QA_REPORT.md:235 MD012/no-multiple-blanks Multiple consecutive blank lines [Expected: 1; Actual: 99]
QA_REPORT.md:236 MD012/no-multiple-blanks Multiple consecutive blank lines [Expected: 1; Actual: 100]
QA_REPORT.md:237 MD012/no-multiple-blanks Multiple consecutive blank lines [Expected: 1; Actual: 101]
QA_REPORT.md:238 MD012/no-multiple-blanks Multiple consecutive blank lines [Expected: 1; Actual: 102]
QA_REPORT.md:239 MD012/no-multiple-blanks Multiple consecutive blank lines [Expected: 1; Actual: 103]
QA_REPORT.md:240 MD012/no-multiple-blanks Multiple consecutive blank lines [Expected: 1; Actual: 104]
QA_REPORT.md:241 MD012/no-multiple-blanks Multiple consecutive blank lines [Expected: 1; Actual: 105]
QA_REPORT.md:242 MD012/no-multiple-blanks Multiple consecutive blank lines [Expected: 1; Actual: 106]
QA_REPORT.md:243 MD012/no-multiple-blanks Multiple consecutive blank lines [Expected: 1; Actual: 107]
QA_REPORT.md:244 MD012/no-multiple-blanks Multiple consecutive blank lines [Expected: 1; Actual: 108]
QA_REPORT.md:245 MD012/no-multiple-blanks Multiple consecutive blank lines [Expected: 1; Actual: 109]
QA_REPORT.md:246 MD012/no-multiple-blanks Multiple consecutive blank lines [Expected: 1; Actual: 110]
QA_REPORT.md:247 MD012/no-multiple-blanks Multiple consecutive blank lines [Expected: 1; Actual: 111]
QA_REPORT.md:248 MD012/no-multiple-blanks Multiple consecutive blank lines [Expected: 1; Actual: 112]
QA_REPORT.md:249 MD012/no-multiple-blanks Multiple consecutive blank lines [Expected: 1; Actual: 113]
QA_REPORT.md:250 MD012/no-multiple-blanks Multiple consecutive blank lines [Expected: 1; Actual: 114]
QA_REPORT.md:251 MD012/no-multiple-blanks Multiple consecutive blank lines [Expected: 1; Actual: 115]
QA_REPORT.md:252 MD012/no-multiple-blanks Multiple consecutive blank lines [Expected: 1; Actual: 116]
QA_REPORT.md:253 MD012/no-multiple-blanks Multiple consecutive blank lines [Expected: 1; Actual: 117]
QA_REPORT.md:254 MD012/no-multiple-blanks Multiple consecutive blank lines [Expected: 1; Actual: 118]
QA_REPORT.md:255 MD012/no-multiple-blanks Multiple consecutive blank lines [Expected: 1; Actual: 119]
QA_REPORT.md:256 MD012/no-multiple-blanks Multiple consecutive blank lines [Expected: 1; Actual: 120]
QA_REPORT.md:257 MD012/no-multiple-blanks Multiple consecutive blank lines [Expected: 1; Actual: 121]
QA_REPORT.md:258 MD012/no-multiple-blanks Multiple consecutive blank lines [Expected: 1; Actual: 122]
QA_REPORT.md:259 MD012/no-multiple-blanks Multiple consecutive blank lines [Expected: 1; Actual: 123]
QA_REPORT.md:260 MD012/no-multiple-blanks Multiple consecutive blank lines [Expected: 1; Actual: 124]
QA_REPORT.md:261 MD012/no-multiple-blanks Multiple consecutive blank lines [Expected: 1; Actual: 125]
QA_REPORT.md:262 MD012/no-multiple-blanks Multiple consecutive blank lines [Expected: 1; Actual: 126]
QA_REPORT.md:263 MD012/no-multiple-blanks Multiple consecutive blank lines [Expected: 1; Actual: 127]
QA_REPORT.md:264 MD012/no-multiple-blanks Multiple consecutive blank lines [Expected: 1; Actual: 128]
QA_REPORT.md:265 MD012/no-multiple-blanks Multiple consecutive blank lines [Expected: 1; Actual: 129]
QA_REPORT.md:266 MD012/no-multiple-blanks Multiple consecutive blank lines [Expected: 1; Actual: 130]
QA_REPORT.md:267 MD012/no-multiple-blanks Multiple consecutive blank lines [Expected: 1; Actual: 131]
QA_REPORT.md:268 MD012/no-multiple-blanks Multiple consecutive blank lines [Expected: 1; Actual: 132]
QA_REPORT.md:269 MD012/no-multiple-blanks Multiple consecutive blank lines [Expected: 1; Actual: 133]
QA_REPORT.md:270 MD012/no-multiple-blanks Multiple consecutive blank lines [Expected: 1; Actual: 134]
QA_REPORT.md:271 MD012/no-multiple-blanks Multiple consecutive blank lines [Expected: 1; Actual: 135]
QA_REPORT.md:272 MD012/no-multiple-blanks Multiple consecutive blank lines [Expected: 1; Actual: 136]
QA_REPORT.md:273 MD012/no-multiple-blanks Multiple consecutive blank lines [Expected: 1; Actual: 137]
QA_REPORT.md:274 MD012/no-multiple-blanks Multiple consecutive blank lines [Expected: 1; Actual: 138]
QA_REPORT.md:275 MD012/no-multiple-blanks Multiple consecutive blank lines [Expected: 1; Actual: 139]
QA_REPORT.md:276 MD012/no-multiple-blanks Multiple consecutive blank lines [Expected: 1; Actual: 140]
QA_REPORT.md:277 MD012/no-multiple-blanks Multiple consecutive blank lines [Expected: 1; Actual: 141]
QA_REPORT.md:278 MD012/no-multiple-blanks Multiple consecutive blank lines [Expected: 1; Actual: 142]
QA_REPORT.md:279 MD012/no-multiple-blanks Multiple consecutive blank lines [Expected: 1; Actual: 143]
QA_REPORT.md:280 MD012/no-multiple-blanks Multiple consecutive blank lines [Expected: 1; Actual: 144]
QA_REPORT.md:281 MD012/no-multiple-blanks Multiple consecutive blank lines [Expected: 1; Actual: 145]
QA_REPORT.md:282 MD012/no-multiple-blanks Multiple consecutive blank lines [Expected: 1; Actual: 146]
QA_REPORT.md:283 MD012/no-multiple-blanks Multiple consecutive blank lines [Expected: 1; Actual: 147]
QA_REPORT.md:284 MD012/no-multiple-blanks Multiple consecutive blank lines [Expected: 1; Actual: 148]
QA_REPORT.md:285 MD012/no-multiple-blanks Multiple consecutive blank lines [Expected: 1; Actual: 149]
QA_REPORT.md:286 MD012/no-multiple-blanks Multiple consecutive blank lines [Expected: 1; Actual: 150]
QA_REPORT.md:287 MD012/no-multiple-blanks Multiple consecutive blank lines [Expected: 1; Actual: 151]
QA_REPORT.md:288 MD012/no-multiple-blanks Multiple consecutive blank lines [Expected: 1; Actual: 152]
QA_REPORT.md:289 MD012/no-multiple-blanks Multiple consecutive blank lines [Expected: 1; Actual: 153]
QA_REPORT.md:290 MD012/no-multiple-blanks Multiple consecutive blank lines [Expected: 1; Actual: 154]
QA_REPORT.md:291 MD012/no-multiple-blanks Multiple consecutive blank lines [Expected: 1; Actual: 155]
QA_REPORT.md:292 MD012/no-multiple-blanks Multiple consecutive blank lines [Expected: 1; Actual: 156]
QA_REPORT.md:293 MD012/no-multiple-blanks Multiple consecutive blank lines [Expected: 1; Actual: 157]
QA_REPORT.md:294 MD012/no-multiple-blanks Multiple consecutive blank lines [Expected: 1; Actual: 158]
QA_REPORT.md:295 MD012/no-multiple-blanks Multiple consecutive blank lines [Expected: 1; Actual: 159]
QA_REPORT.md:296 MD012/no-multiple-blanks Multiple consecutive blank lines [Expected: 1; Actual: 160]
QA_REPORT.md:297 MD012/no-multiple-blanks Multiple consecutive blank lines [Expected: 1; Actual: 161]
QA_REPORT.md:298 MD012/no-multiple-blanks Multiple consecutive blank lines [Expected: 1; Actual: 162]
QA_REPORT.md:299 MD012/no-multiple-blanks Multiple consecutive blank lines [Expected: 1; Actual: 163]
QA_REPORT.md:300 MD012/no-multiple-blanks Multiple consecutive blank lines [Expected: 1; Actual: 164]
QA_REPORT.md:301 MD012/no-multiple-blanks Multiple consecutive blank lines [Expected: 1; Actual: 165]
QA_REPORT.md:302 MD012/no-multiple-blanks Multiple consecutive blank lines [Expected: 1; Actual: 166]
QA_REPORT.md:303 MD012/no-multiple-blanks Multiple consecutive blank lines [Expected: 1; Actual: 167]
QA_REPORT.md:304 MD012/no-multiple-blanks Multiple consecutive blank lines [Expected: 1; Actual: 168]
QA_REPORT.md:305 MD012/no-multiple-blanks Multiple consecutive blank lines [Expected: 1; Actual: 169]
QA_REPORT.md:306 MD012/no-multiple-blanks Multiple consecutive blank lines [Expected: 1; Actual: 170]
QA_REPORT.md:307 MD012/no-multiple-blanks Multiple consecutive blank lines [Expected: 1; Actual: 171]
QA_REPORT.md:308 MD012/no-multiple-blanks Multiple consecutive blank lines [Expected: 1; Actual: 172]
QA_REPORT.md:309 MD012/no-multiple-blanks Multiple consecutive blank lines [Expected: 1; Actual: 173]
QA_REPORT.md:310 MD012/no-multiple-blanks Multiple consecutive blank lines [Expected: 1; Actual: 174]
QA_REPORT.md:311 MD012/no-multiple-blanks Multiple consecutive blank lines [Expected: 1; Actual: 175]
QA_REPORT.md:312 MD012/no-multiple-blanks Multiple consecutive blank lines [Expected: 1; Actual: 176]
QA_REPORT.md:313 MD012/no-multiple-blanks Multiple consecutive blank lines [Expected: 1; Actual: 177]
QA_REPORT.md:314 MD012/no-multiple-blanks Multiple consecutive blank lines [Expected: 1; Actual: 178]
QA_REPORT.md:315 MD012/no-multiple-blanks Multiple consecutive blank lines [Expected: 1; Actual: 179]
QA_REPORT.md:316 MD012/no-multiple-blanks Multiple consecutive blank lines [Expected: 1; Actual: 180]
QA_REPORT.md:317 MD012/no-multiple-blanks Multiple consecutive blank lines [Expected: 1; Actual: 181]
QA_REPORT.md:318 MD012/no-multiple-blanks Multiple consecutive blank lines [Expected: 1; Actual: 182]
QA_REPORT.md:319 MD012/no-multiple-blanks Multiple consecutive blank lines [Expected: 1; Actual: 183]
QA_REPORT.md:320 MD012/no-multiple-blanks Multiple consecutive blank lines [Expected: 1; Actual: 184]
QA_REPORT.md:321 MD012/no-multiple-blanks Multiple consecutive blank lines [Expected: 1; Actual: 185]
QA_REPORT.md:322 MD012/no-multiple-blanks Multiple consecutive blank lines [Expected: 1; Actual: 186]
QA_REPORT.md:323 MD012/no-multiple-blanks Multiple consecutive blank lines [Expected: 1; Actual: 187]
QA_REPORT.md:324 MD012/no-multiple-blanks Multiple consecutive blank lines [Expected: 1; Actual: 188]
QA_REPORT.md:325 MD012/no-multiple-blanks Multiple consecutive blank lines [Expected: 1; Actual: 189]
QA_REPORT.md:326 MD012/no-multiple-blanks Multiple consecutive blank lines [Expected: 1; Actual: 190]
QA_REPORT.md:327 MD012/no-multiple-blanks Multiple consecutive blank lines [Expected: 1; Actual: 191]
QA_REPORT.md:328 MD012/no-multiple-blanks Multiple consecutive blank lines [Expected: 1; Actual: 192]
QA_REPORT.md:329 MD012/no-multiple-blanks Multiple consecutive blank lines [Expected: 1; Actual: 193]
QA_REPORT.md:330 MD012/no-multiple-blanks Multiple consecutive blank lines [Expected: 1; Actual: 194]
QA_REPORT.md:331 MD012/no-multiple-blanks Multiple consecutive blank lines [Expected: 1; Actual: 195]
QA_REPORT.md:332 MD012/no-multiple-blanks Multiple consecutive blank lines [Expected: 1; Actual: 196]
QA_REPORT.md:333 MD012/no-multiple-blanks Multiple consecutive blank lines [Expected: 1; Actual: 197]
QA_REPORT.md:334 MD012/no-multiple-blanks Multiple consecutive blank lines [Expected: 1; Actual: 198]
QA_REPORT.md:335 MD012/no-multiple-blanks Multiple consecutive blank lines [Expected: 1; Actual: 199]
QA_REPORT.md:336 MD012/no-multiple-blanks Multiple consecutive blank lines [Expected: 1; Actual: 200]
QA_REPORT.md:337 MD012/no-multiple-blanks Multiple consecutive blank lines [Expected: 1; Actual: 201]
QA_REPORT.md:338 MD012/no-multiple-blanks Multiple consecutive blank lines [Expected: 1; Actual: 202]
QA_REPORT.md:339 MD012/no-multiple-blanks Multiple consecutive blank lines [Expected: 1; Actual: 203]
QA_REPORT.md:340 MD012/no-multiple-blanks Multiple consecutive blank lines [Expected: 1; Actual: 204]
QA_REPORT.md:341 MD012/no-multiple-blanks Multiple consecutive blank lines [Expected: 1; Actual: 205]
QA_REPORT.md:342 MD012/no-multiple-blanks Multiple consecutive blank lines [Expected: 1; Actual: 206]
QA_REPORT.md:343 MD012/no-multiple-blanks Multiple consecutive blank lines [Expected: 1; Actual: 207]
QA_REPORT.md:344 MD012/no-multiple-blanks Multiple consecutive blank lines [Expected: 1; Actual: 208]
QA_REPORT.md:345 MD012/no-multiple-blanks Multiple consecutive blank lines [Expected: 1; Actual: 209]
QA_REPORT.md:346 MD012/no-multiple-blanks Multiple consecutive blank lines [Expected: 1; Actual: 210]
QA_REPORT.md:347 MD012/no-multiple-blanks Multiple consecutive blank lines [Expected: 1; Actual: 211]
QA_REPORT.md:348 MD012/no-multiple-blanks Multiple consecutive blank lines [Expected: 1; Actual: 212]
QA_REPORT.md:349 MD012/no-multiple-blanks Multiple consecutive blank lines [Expected: 1; Actual: 213]
QA_REPORT.md:350 MD012/no-multiple-blanks Multiple consecutive blank lines [Expected: 1; Actual: 214]
QA_REPORT.md:351 MD012/no-multiple-blanks Multiple consecutive blank lines [Expected: 1; Actual: 215]
QA_REPORT.md:352 MD012/no-multiple-blanks Multiple consecutive blank lines [Expected: 1; Actual: 216]
QA_REPORT.md:353 MD012/no-multiple-blanks Multiple consecutive blank lines [Expected: 1; Actual: 217]
QA_REPORT.md:354 MD012/no-multiple-blanks Multiple consecutive blank lines [Expected: 1; Actual: 218]
QA_REPORT.md:355 MD012/no-multiple-blanks Multiple consecutive blank lines [Expected: 1; Actual: 219]
QA_REPORT.md:356 MD012/no-multiple-blanks Multiple consecutive blank lines [Expected: 1; Actual: 220]
QA_REPORT.md:357 MD012/no-multiple-blanks Multiple consecutive blank lines [Expected: 1; Actual: 221]
QA_REPORT.md:358 MD012/no-multiple-blanks Multiple consecutive blank lines [Expected: 1; Actual: 222]
QA_REPORT.md:359 MD012/no-multiple-blanks Multiple consecutive blank lines [Expected: 1; Actual: 223]
QA_REPORT.md:360 MD012/no-multiple-blanks Multiple consecutive blank lines [Expected: 1; Actual: 224]
QA_REPORT.md:361 MD012/no-multiple-blanks Multiple consecutive blank lines [Expected: 1; Actual: 225]
QA_REPORT.md:362 MD012/no-multiple-blanks Multiple consecutive blank lines [Expected: 1; Actual: 226]
QA_REPORT.md:363 MD012/no-multiple-blanks Multiple consecutive blank lines [Expected: 1; Actual: 227]
QA_REPORT.md:364 MD012/no-multiple-blanks Multiple consecutive blank lines [Expected: 1; Actual: 228]
QA_REPORT.md:365 MD012/no-multiple-blanks Multiple consecutive blank lines [Expected: 1; Actual: 229]
QA_REPORT.md:366 MD012/no-multiple-blanks Multiple consecutive blank lines [Expected: 1; Actual: 230]
QA_REPORT.md:367 MD012/no-multiple-blanks Multiple consecutive blank lines [Expected: 1; Actual: 231]
QA_REPORT.md:368 MD012/no-multiple-blanks Multiple consecutive blank lines [Expected: 1; Actual: 232]
QA_REPORT.md:369 MD012/no-multiple-blanks Multiple consecutive blank lines [Expected: 1; Actual: 233]
QA_REPORT.md:370 MD012/no-multiple-blanks Multiple consecutive blank lines [Expected: 1; Actual: 234]
QA_REPORT.md:371 MD012/no-multiple-blanks Multiple consecutive blank lines [Expected: 1; Actual: 235]
QA_REPORT.md:372 MD012/no-multiple-blanks Multiple consecutive blank lines [Expected: 1; Actual: 236]
QA_REPORT.md:373 MD012/no-multiple-blanks Multiple consecutive blank lines [Expected: 1; Actual: 237]
QA_REPORT.md:374 MD012/no-multiple-blanks Multiple consecutive blank lines [Expected: 1; Actual: 238]
QA_REPORT.md:375 MD012/no-multiple-blanks Multiple consecutive blank lines [Expected: 1; Actual: 239]
QA_REPORT.md:376 MD012/no-multiple-blanks Multiple consecutive blank lines [Expected: 1; Actual: 240]
QA_REPORT.md:377 MD012/no-multiple-blanks Multiple consecutive blank lines [Expected: 1; Actual: 241]
QA_REPORT.md:378 MD012/no-multiple-blanks Multiple consecutive blank lines [Expected: 1; Actual: 242]
QA_REPORT.md:379 MD012/no-multiple-blanks Multiple consecutive blank lines [Expected: 1; Actual: 243]
QA_REPORT.md:380 MD012/no-multiple-blanks Multiple consecutive blank lines [Expected: 1; Actual: 244]
QA_REPORT.md:381 MD012/no-multiple-blanks Multiple consecutive blank lines [Expected: 1; Actual: 245]
QA_REPORT.md:382 MD012/no-multiple-blanks Multiple consecutive blank lines [Expected: 1; Actual: 246]
QA_REPORT.md:383 MD012/no-multiple-blanks Multiple consecutive blank lines [Expected: 1; Actual: 247]
QA_REPORT.md:384 MD012/no-multiple-blanks Multiple consecutive blank lines [Expected: 1; Actual: 248]
QA_REPORT.md:385 MD012/no-multiple-blanks Multiple consecutive blank lines [Expected: 1; Actual: 249]
QA_REPORT.md:386 MD012/no-multiple-blanks Multiple consecutive blank lines [Expected: 1; Actual: 250]
QA_REPORT.md:387 MD012/no-multiple-blanks Multiple consecutive blank lines [Expected: 1; Actual: 251]
QA_REPORT.md:388 MD012/no-multiple-blanks Multiple consecutive blank lines [Expected: 1; Actual: 252]
QA_REPORT.md:389 MD012/no-multiple-blanks Multiple consecutive blank lines [Expected: 1; Actual: 253]
QA_REPORT.md:390 MD012/no-multiple-blanks Multiple consecutive blank lines [Expected: 1; Actual: 254]
QA_REPORT.md:391 MD012/no-multiple-blanks Multiple consecutive blank lines [Expected: 1; Actual: 255]
QA_REPORT.md:392 MD012/no-multiple-blanks Multiple consecutive blank lines [Expected: 1; Actual: 256]
QA_REPORT.md:393 MD012/no-multiple-blanks Multiple consecutive blank lines [Expected: 1; Actual: 257]
QA_REPORT.md:394 MD012/no-multiple-blanks Multiple consecutive blank lines [Expected: 1; Actual: 258]
QA_REPORT.md:395 MD012/no-multiple-blanks Multiple consecutive blank lines [Expected: 1; Actual: 259]
QA_REPORT.md:396 MD012/no-multiple-blanks Multiple consecutive blank lines [Expected: 1; Actual: 260]
QA_REPORT.md:397 MD012/no-multiple-blanks Multiple consecutive blank lines [Expected: 1; Actual: 261]
QA_REPORT.md:398 MD012/no-multiple-blanks Multiple consecutive blank lines [Expected: 1; Actual: 262]
QA_REPORT.md:399 MD012/no-multiple-blanks Multiple consecutive blank lines [Expected: 1; Actual: 263]
QA_REPORT.md:400 MD012/no-multiple-blanks Multiple consecutive blank lines [Expected: 1; Actual: 264]
QA_REPORT.md:401 MD012/no-multiple-blanks Multiple consecutive blank lines [Expected: 1; Actual: 265]
QA_REPORT.md:402 MD012/no-multiple-blanks Multiple consecutive blank lines [Expected: 1; Actual: 266]
QA_REPORT.md:403 MD012/no-multiple-blanks Multiple consecutive blank lines [Expected: 1; Actual: 267]
QA_REPORT.md:404 MD012/no-multiple-blanks Multiple consecutive blank lines [Expected: 1; Actual: 268]
QA_REPORT.md:405 MD012/no-multiple-blanks Multiple consecutive blank lines [Expected: 1; Actual: 269]
QA_REPORT.md:406 MD012/no-multiple-blanks Multiple consecutive blank lines [Expected: 1; Actual: 270]
QA_REPORT.md:407 MD012/no-multiple-blanks Multiple consecutive blank lines [Expected: 1; Actual: 271]
QA_REPORT.md:408 MD012/no-multiple-blanks Multiple consecutive blank lines [Expected: 1; Actual: 272]
QA_REPORT.md:409 MD012/no-multiple-blanks Multiple consecutive blank lines [Expected: 1; Actual: 273]
QA_REPORT.md:410 MD012/no-multiple-blanks Multiple consecutive blank lines [Expected: 1; Actual: 274]
QA_REPORT.md:411 MD012/no-multiple-blanks Multiple consecutive blank lines [Expected: 1; Actual: 275]
QA_REPORT.md:412 MD012/no-multiple-blanks Multiple consecutive blank lines [Expected: 1; Actual: 276]
QA_REPORT.md:413 MD012/no-multiple-blanks Multiple consecutive blank lines [Expected: 1; Actual: 277]
QA_REPORT.md:414 MD012/no-multiple-blanks Multiple consecutive blank lines [Expected: 1; Actual: 278]
QA_REPORT.md:415 MD012/no-multiple-blanks Multiple consecutive blank lines [Expected: 1; Actual: 279]
QA_REPORT.md:416 MD012/no-multiple-blanks Multiple consecutive blank lines [Expected: 1; Actual: 280]
QA_REPORT.md:417 MD012/no-multiple-blanks Multiple consecutive blank lines [Expected: 1; Actual: 281]
QA_REPORT.md:418 MD012/no-multiple-blanks Multiple consecutive blank lines [Expected: 1; Actual: 282]
QA_REPORT.md:419 MD012/no-multiple-blanks Multiple consecutive blank lines [Expected: 1; Actual: 283]
QA_REPORT.md:420 MD012/no-multiple-blanks Multiple consecutive blank lines [Expected: 1; Actual: 284]
QA_REPORT.md:421 MD012/no-multiple-blanks Multiple consecutive blank lines [Expected: 1; Actual: 285]
QA_REPORT.md:422 MD012/no-multiple-blanks Multiple consecutive blank lines [Expected: 1; Actual: 286]
QA_REPORT.md:423 MD012/no-multiple-blanks Multiple consecutive blank lines [Expected: 1; Actual: 287]
QA_REPORT.md:424 MD012/no-multiple-blanks Multiple consecutive blank lines [Expected: 1; Actual: 288]
QA_REPORT.md:425 MD012/no-multiple-blanks Multiple consecutive blank lines [Expected: 1; Actual: 289]
QA_REPORT.md:426 MD012/no-multiple-blanks Multiple consecutive blank lines [Expected: 1; Actual: 290]
QA_REPORT.md:427 MD012/no-multiple-blanks Multiple consecutive blank lines [Expected: 1; Actual: 291]
QA_REPORT.md:428 MD012/no-multiple-blanks Multiple consecutive blank lines [Expected: 1; Actual: 292]
QA_REPORT.md:429 MD012/no-multiple-blanks Multiple consecutive blank lines [Expected: 1; Actual: 293]
QA_REPORT.md:430 MD012/no-multiple-blanks Multiple consecutive blank lines [Expected: 1; Actual: 294]
QA_REPORT.md:431 MD012/no-multiple-blanks Multiple consecutive blank lines [Expected: 1; Actual: 295]
QA_REPORT.md:432 MD012/no-multiple-blanks Multiple consecutive blank lines [Expected: 1; Actual: 296]
QA_REPORT.md:433 MD012/no-multiple-blanks Multiple consecutive blank lines [Expected: 1; Actual: 297]
QA_REPORT.md:434 MD012/no-multiple-blanks Multiple consecutive blank lines [Expected: 1; Actual: 298]
QA_REPORT.md:435 MD012/no-multiple-blanks Multiple consecutive blank lines [Expected: 1; Actual: 299]
QA_REPORT.md:436 MD012/no-multiple-blanks Multiple consecutive blank lines [Expected: 1; Actual: 300]
QA_REPORT.md:437 MD012/no-multiple-blanks Multiple consecutive blank lines [Expected: 1; Actual: 301]
QA_REPORT.md:438 MD012/no-multiple-blanks Multiple consecutive blank lines [Expected: 1; Actual: 302]
QA_REPORT.md:439 MD012/no-multiple-blanks Multiple consecutive blank lines [Expected: 1; Actual: 303]
QA_REPORT.md:440 MD012/no-multiple-blanks Multiple consecutive blank lines [Expected: 1; Actual: 304]
QA_REPORT.md:441 MD012/no-multiple-blanks Multiple consecutive blank lines [Expected: 1; Actual: 305]
QA_REPORT.md:442 MD012/no-multiple-blanks Multiple consecutive blank lines [Expected: 1; Actual: 306]
QA_REPORT.md:443 MD012/no-multiple-blanks Multiple consecutive blank lines [Expected: 1; Actual: 307]
QA_REPORT.md:444 MD012/no-multiple-blanks Multiple consecutive blank lines [Expected: 1; Actual: 308]
QA_REPORT.md:445 MD012/no-multiple-blanks Multiple consecutive blank lines [Expected: 1; Actual: 309]
QA_REPORT.md:446 MD012/no-multiple-blanks Multiple consecutive blank lines [Expected: 1; Actual: 310]
QA_REPORT.md:447 MD012/no-multiple-blanks Multiple consecutive blank lines [Expected: 1; Actual: 311]
QA_REPORT.md:448 MD012/no-multiple-blanks Multiple consecutive blank lines [Expected: 1; Actual: 312]
QA_REPORT.md:449 MD012/no-multiple-blanks Multiple consecutive blank lines [Expected: 1; Actual: 313]
QA_REPORT.md:450 MD012/no-multiple-blanks Multiple consecutive blank lines [Expected: 1; Actual: 314]
QA_REPORT.md:451 MD012/no-multiple-blanks Multiple consecutive blank lines [Expected: 1; Actual: 315]
QA_REPORT.md:452 MD012/no-multiple-blanks Multiple consecutive blank lines [Expected: 1; Actual: 316]
QA_REPORT.md:453 MD012/no-multiple-blanks Multiple consecutive blank lines [Expected: 1; Actual: 317]
QA_REPORT.md:454 MD012/no-multiple-blanks Multiple consecutive blank lines [Expected: 1; Actual: 318]
QA_REPORT.md:455 MD012/no-multiple-blanks Multiple consecutive blank lines [Expected: 1; Actual: 319]
QA_REPORT.md:456 MD012/no-multiple-blanks Multiple consecutive blank lines [Expected: 1; Actual: 320]
QA_REPORT.md:457 MD012/no-multiple-blanks Multiple consecutive blank lines [Expected: 1; Actual: 321]
QA_REPORT.md:458 MD012/no-multiple-blanks Multiple consecutive blank lines [Expected: 1; Actual: 322]
QA_REPORT.md:459 MD012/no-multiple-blanks Multiple consecutive blank lines [Expected: 1; Actual: 323]
QA_REPORT.md:460 MD012/no-multiple-blanks Multiple consecutive blank lines [Expected: 1; Actual: 324]
QA_REPORT.md:461 MD012/no-multiple-blanks Multiple consecutive blank lines [Expected: 1; Actual: 325]
QA_REPORT.md:462 MD012/no-multiple-blanks Multiple consecutive blank lines [Expected: 1; Actual: 326]
QA_REPORT.md:463 MD012/no-multiple-blanks Multiple consecutive blank lines [Expected: 1; Actual: 327]
QA_REPORT.md:464 MD012/no-multiple-blanks Multiple consecutive blank lines [Expected: 1; Actual: 328]
QA_REPORT.md:465 MD012/no-multiple-blanks Multiple consecutive blank lines [Expected: 1; Actual: 329]
QA_REPORT.md:466 MD012/no-multiple-blanks Multiple consecutive blank lines [Expected: 1; Actual: 330]
QA_REPORT.md:467 MD012/no-multiple-blanks Multiple consecutive blank lines [Expected: 1; Actual: 331]
QA_REPORT.md:468 MD012/no-multiple-blanks Multiple consecutive blank lines [Expected: 1; Actual: 332]
QA_REPORT.md:469 MD012/no-multiple-blanks Multiple consecutive blank lines [Expected: 1; Actual: 333]
QA_REPORT.md:470 MD012/no-multiple-blanks Multiple consecutive blank lines [Expected: 1; Actual: 334]
QA_REPORT.md:471 MD012/no-multiple-blanks Multiple consecutive blank lines [Expected: 1; Actual: 335]
QA_REPORT.md:472 MD012/no-multiple-blanks Multiple consecutive blank lines [Expected: 1; Actual: 336]
QA_REPORT.md:473 MD012/no-multiple-blanks Multiple consecutive blank lines [Expected: 1; Actual: 337]
QA_REPORT.md:474 MD012/no-multiple-blanks Multiple consecutive blank lines [Expected: 1; Actual: 338]
QA_REPORT.md:475 MD012/no-multiple-blanks Multiple consecutive blank lines [Expected: 1; Actual: 339]
QA_REPORT.md:476 MD012/no-multiple-blanks Multiple consecutive blank lines [Expected: 1; Actual: 340]
QA_REPORT.md:477 MD012/no-multiple-blanks Multiple consecutive blank lines [Expected: 1; Actual: 341]
QA_REPORT.md:478 MD012/no-multiple-blanks Multiple consecutive blank lines [Expected: 1; Actual: 342]
QA_REPORT.md:479 MD012/no-multiple-blanks Multiple consecutive blank lines [Expected: 1; Actual: 343]
QA_REPORT.md:480 MD012/no-multiple-blanks Multiple consecutive blank lines [Expected: 1; Actual: 344]
QA_REPORT.md:481 MD012/no-multiple-blanks Multiple consecutive blank lines [Expected: 1; Actual: 345]
QA_REPORT.md:482 MD012/no-multiple-blanks Multiple consecutive blank lines [Expected: 1; Actual: 346]
QA_REPORT.md:483 MD012/no-multiple-blanks Multiple consecutive blank lines [Expected: 1; Actual: 347]
QA_REPORT.md:484 MD012/no-multiple-blanks Multiple consecutive blank lines [Expected: 1; Actual: 348]
QA_REPORT.md:485 MD012/no-multiple-blanks Multiple consecutive blank lines [Expected: 1; Actual: 349]
QA_REPORT.md:486 MD012/no-multiple-blanks Multiple consecutive blank lines [Expected: 1; Actual: 350]
QA_REPORT.md:487 MD012/no-multiple-blanks Multiple consecutive blank lines [Expected: 1; Actual: 351]
QA_REPORT.md:488 MD012/no-multiple-blanks Multiple consecutive blank lines [Expected: 1; Actual: 352]
QA_REPORT.md:489 MD012/no-multiple-blanks Multiple consecutive blank lines [Expected: 1; Actual: 353]
QA_REPORT.md:490 MD012/no-multiple-blanks Multiple consecutive blank lines [Expected: 1; Actual: 354]
QA_REPORT.md:491 MD012/no-multiple-blanks Multiple consecutive blank lines [Expected: 1; Actual: 355]
QA_REPORT.md:492 MD012/no-multiple-blanks Multiple consecutive blank lines [Expected: 1; Actual: 356]
QA_REPORT.md:493 MD012/no-multiple-blanks Multiple consecutive blank lines [Expected: 1; Actual: 357]
QA_REPORT.md:494 MD012/no-multiple-blanks Multiple consecutive blank lines [Expected: 1; Actual: 358]
QA_REPORT.md:495 MD012/no-multiple-blanks Multiple consecutive blank lines [Expected: 1; Actual: 359]
QA_REPORT.md:496 MD012/no-multiple-blanks Multiple consecutive blank lines [Expected: 1; Actual: 360]
QA_REPORT.md:497 MD012/no-multiple-blanks Multiple consecutive blank lines [Expected: 1; Actual: 361]
QA_REPORT.md:498 MD012/no-multiple-blanks Multiple consecutive blank lines [Expected: 1; Actual: 362]
QA_REPORT.md:499 MD012/no-multiple-blanks Multiple consecutive blank lines [Expected: 1; Actual: 363]
QA_REPORT.md:500 MD012/no-multiple-blanks Multiple consecutive blank lines [Expected: 1; Actual: 364]
QA_REPORT.md:501 MD012/no-multiple-blanks Multiple consecutive blank lines [Expected: 1; Actual: 365]
QA_REPORT.md:502 MD012/no-multiple-blanks Multiple consecutive blank lines [Expected: 1; Actual: 366]
QA_REPORT.md:503 MD012/no-multiple-blanks Multiple consecutive blank lines [Expected: 1; Actual: 367]
QA_REPORT.md:504 MD012/no-multiple-blanks Multiple consecutive blank lines [Expected: 1; Actual: 368]
QA_REPORT.md:505 MD012/no-multiple-blanks Multiple consecutive blank lines [Expected: 1; Actual: 369]
QA_REPORT.md:506 MD012/no-multiple-blanks Multiple consecutive blank lines [Expected: 1; Actual: 370]
QA_REPORT.md:507 MD012/no-multiple-blanks Multiple consecutive blank lines [Expected: 1; Actual: 371]
QA_REPORT.md:508 MD012/no-multiple-blanks Multiple consecutive blank lines [Expected: 1; Actual: 372]
QA_REPORT.md:509 MD012/no-multiple-blanks Multiple consecutive blank lines [Expected: 1; Actual: 373]
QA_REPORT.md:510 MD012/no-multiple-blanks Multiple consecutive blank lines [Expected: 1; Actual: 374]
QA_REPORT.md:511 MD012/no-multiple-blanks Multiple consecutive blank lines [Expected: 1; Actual: 375]
QA_REPORT.md:512 MD012/no-multiple-blanks Multiple consecutive blank lines [Expected: 1; Actual: 376]
QA_REPORT.md:513 MD012/no-multiple-blanks Multiple consecutive blank lines [Expected: 1; Actual: 377]
QA_REPORT.md:514 MD012/no-multiple-blanks Multiple consecutive blank lines [Expected: 1; Actual: 378]
QA_REPORT.md:515 MD012/no-multiple-blanks Multiple consecutive blank lines [Expected: 1; Actual: 379]
QA_REPORT.md:516 MD012/no-multiple-blanks Multiple consecutive blank lines [Expected: 1; Actual: 380]
QA_REPORT.md:517 MD012/no-multiple-blanks Multiple consecutive blank lines [Expected: 1; Actual: 381]
QA_REPORT.md:518 MD012/no-multiple-blanks Multiple consecutive blank lines [Expected: 1; Actual: 382]
QA_REPORT.md:519 MD012/no-multiple-blanks Multiple consecutive blank lines [Expected: 1; Actual: 383]
QA_REPORT.md:520 MD012/no-multiple-blanks Multiple consecutive blank lines [Expected: 1; Actual: 384]
QA_REPORT.md:521 MD012/no-multiple-blanks Multiple consecutive blank lines [Expected: 1; Actual: 385]
QA_REPORT.md:522 MD012/no-multiple-blanks Multiple consecutive blank lines [Expected: 1; Actual: 386]
QA_REPORT.md:523 MD012/no-multiple-blanks Multiple consecutive blank lines [Expected: 1; Actual: 387]
QA_REPORT.md:524 MD012/no-multiple-blanks Multiple consecutive blank lines [Expected: 1; Actual: 388]
QA_REPORT.md:525 MD012/no-multiple-blanks Multiple consecutive blank lines [Expected: 1; Actual: 389]
QA_REPORT.md:526 MD012/no-multiple-blanks Multiple consecutive blank lines [Expected: 1; Actual: 390]
QA_REPORT.md:527 MD012/no-multiple-blanks Multiple consecutive blank lines [Expected: 1; Actual: 391]
QA_REPORT.md:528 MD012/no-multiple-blanks Multiple consecutive blank lines [Expected: 1; Actual: 392]
QA_REPORT.md:529 MD012/no-multiple-blanks Multiple consecutive blank lines [Expected: 1; Actual: 393]
QA_REPORT.md:530 MD012/no-multiple-blanks Multiple consecutive blank lines [Expected: 1; Actual: 394]
QA_REPORT.md:531 MD012/no-multiple-blanks Multiple consecutive blank lines [Expected: 1; Actual: 395]
QA_REPORT.md:532 MD012/no-multiple-blanks Multiple consecutive blank lines [Expected: 1; Actual: 396]
QA_REPORT.md:533 MD012/no-multiple-blanks Multiple consecutive blank lines [Expected: 1; Actual: 397]
QA_REPORT.md:534 MD012/no-multiple-blanks Multiple consecutive blank lines [Expected: 1; Actual: 398]
QA_REPORT.md:535 MD012/no-multiple-blanks Multiple consecutive blank lines [Expected: 1; Actual: 399]
QA_REPORT.md:536 MD012/no-multiple-blanks Multiple consecutive blank lines [Expected: 1; Actual: 400]
QA_REPORT.md:537 MD012/no-multiple-blanks Multiple consecutive blank lines [Expected: 1; Actual: 401]
QA_REPORT.md:538 MD012/no-multiple-blanks Multiple consecutive blank lines [Expected: 1; Actual: 402]
QA_REPORT.md:539 MD012/no-multiple-blanks Multiple consecutive blank lines [Expected: 1; Actual: 403]
QA_REPORT.md:540 MD012/no-multiple-blanks Multiple consecutive blank lines [Expected: 1; Actual: 404]
QA_REPORT.md:541 MD012/no-multiple-blanks Multiple consecutive blank lines [Expected: 1; Actual: 405]
QA_REPORT.md:542 MD012/no-multiple-blanks Multiple consecutive blank lines [Expected: 1; Actual: 406]
QA_REPORT.md:543 MD012/no-multiple-blanks Multiple consecutive blank lines [Expected: 1; Actual: 407]
QA_REPORT.md:544 MD012/no-multiple-blanks Multiple consecutive blank lines [Expected: 1; Actual: 408]
QA_REPORT.md:545 MD012/no-multiple-blanks Multiple consecutive blank lines [Expected: 1; Actual: 409]
QA_REPORT.md:546 MD012/no-multiple-blanks Multiple consecutive blank lines [Expected: 1; Actual: 410]
QA_REPORT.md:547 MD012/no-multiple-blanks Multiple consecutive blank lines [Expected: 1; Actual: 411]
QA_REPORT.md:548 MD012/no-multiple-blanks Multiple consecutive blank lines [Expected: 1; Actual: 412]
QA_REPORT.md:549 MD012/no-multiple-blanks Multiple consecutive blank lines [Expected: 1; Actual: 413]
QA_REPORT.md:550 MD012/no-multiple-blanks Multiple consecutive blank lines [Expected: 1; Actual: 414]
QA_REPORT.md:551 MD012/no-multiple-blanks Multiple consecutive blank lines [Expected: 1; Actual: 415]
QA_REPORT.md:552 MD012/no-multiple-blanks Multiple consecutive blank lines [Expected: 1; Actual: 416]
QA_REPORT.md:553 MD012/no-multiple-blanks Multiple consecutive blank lines [Expected: 1; Actual: 417]
QA_REPORT.md:554 MD012/no-multiple-blanks Multiple consecutive blank lines [Expected: 1; Actual: 418]
QA_REPORT.md:555 MD012/no-multiple-blanks Multiple consecutive blank lines [Expected: 1; Actual: 419]
QA_REPORT.md:556 MD012/no-multiple-blanks Multiple consecutive blank lines [Expected: 1; Actual: 420]
QA_REPORT.md:557 MD012/no-multiple-blanks Multiple consecutive blank lines [Expected: 1; Actual: 421]
QA_REPORT.md:558 MD012/no-multiple-blanks Multiple consecutive blank lines [Expected: 1; Actual: 422]
QA_REPORT.md:559 MD012/no-multiple-blanks Multiple consecutive blank lines [Expected: 1; Actual: 423]
QA_REPORT.md:560 MD012/no-multiple-blanks Multiple consecutive blank lines [Expected: 1; Actual: 424]
QA_REPORT.md:561 MD012/no-multiple-blanks Multiple consecutive blank lines [Expected: 1; Actual: 425]
QA_REPORT.md:562 MD012/no-multiple-blanks Multiple consecutive blank lines [Expected: 1; Actual: 426]
QA_REPORT.md:563 MD012/no-multiple-blanks Multiple consecutive blank lines [Expected: 1; Actual: 427]
QA_REPORT.md:564 MD012/no-multiple-blanks Multiple consecutive blank lines [Expected: 1; Actual: 428]
QA_REPORT.md:565 MD012/no-multiple-blanks Multiple consecutive blank lines [Expected: 1; Actual: 429]
QA_REPORT.md:566 MD012/no-multiple-blanks Multiple consecutive blank lines [Expected: 1; Actual: 430]
QA_REPORT.md:567 MD012/no-multiple-blanks Multiple consecutive blank lines [Expected: 1; Actual: 431]
QA_REPORT.md:568 MD012/no-multiple-blanks Multiple consecutive blank lines [Expected: 1; Actual: 432]
QA_REPORT.md:569 MD012/no-multiple-blanks Multiple consecutive blank lines [Expected: 1; Actual: 433]
QA_REPORT.md:570 MD012/no-multiple-blanks Multiple consecutive blank lines [Expected: 1; Actual: 434]
QA_REPORT.md:571 MD012/no-multiple-blanks Multiple consecutive blank lines [Expected: 1; Actual: 435]
QA_REPORT.md:572 MD012/no-multiple-blanks Multiple consecutive blank lines [Expected: 1; Actual: 436]
QA_REPORT.md:573 MD012/no-multiple-blanks Multiple consecutive blank lines [Expected: 1; Actual: 437]
QA_REPORT.md:574 MD012/no-multiple-blanks Multiple consecutive blank lines [Expected: 1; Actual: 438]
QA_REPORT.md:575 MD012/no-multiple-blanks Multiple consecutive blank lines [Expected: 1; Actual: 439]
QA_REPORT.md:576 MD012/no-multiple-blanks Multiple consecutive blank lines [Expected: 1; Actual: 440]
QA_REPORT.md:577 MD012/no-multiple-blanks Multiple consecutive blank lines [Expected: 1; Actual: 441]
QA_REPORT.md:578 MD012/no-multiple-blanks Multiple consecutive blank lines [Expected: 1; Actual: 442]
QA_REPORT.md:579 MD012/no-multiple-blanks Multiple consecutive blank lines [Expected: 1; Actual: 443]
QA_REPORT.md:580 MD012/no-multiple-blanks Multiple consecutive blank lines [Expected: 1; Actual: 444]
QA_REPORT.md:581 MD012/no-multiple-blanks Multiple consecutive blank lines [Expected: 1; Actual: 445]
QA_REPORT.md:582 MD012/no-multiple-blanks Multiple consecutive blank lines [Expected: 1; Actual: 446]
QA_REPORT.md:583 MD012/no-multiple-blanks Multiple consecutive blank lines [Expected: 1; Actual: 447]
QA_REPORT.md:584 MD012/no-multiple-blanks Multiple consecutive blank lines [Expected: 1; Actual: 448]
QA_REPORT.md:585 MD012/no-multiple-blanks Multiple consecutive blank lines [Expected: 1; Actual: 449]
QA_REPORT.md:586 MD012/no-multiple-blanks Multiple consecutive blank lines [Expected: 1; Actual: 450]
QA_REPORT.md:587 MD012/no-multiple-blanks Multiple consecutive blank lines [Expected: 1; Actual: 451]
QA_REPORT.md:588 MD012/no-multiple-blanks Multiple consecutive blank lines [Expected: 1; Actual: 452]
QA_REPORT.md:589 MD012/no-multiple-blanks Multiple consecutive blank lines [Expected: 1; Actual: 453]
QA_REPORT.md:590 MD012/no-multiple-blanks Multiple consecutive blank lines [Expected: 1; Actual: 454]
QA_REPORT.md:591 MD012/no-multiple-blanks Multiple consecutive blank lines [Expected: 1; Actual: 455]
QA_REPORT.md:592 MD012/no-multiple-blanks Multiple consecutive blank lines [Expected: 1; Actual: 456]
QA_REPORT.md:593 MD012/no-multiple-blanks Multiple consecutive blank lines [Expected: 1; Actual: 457]
QA_REPORT.md:594 MD012/no-multiple-blanks Multiple consecutive blank lines [Expected: 1; Actual: 458]
QA_REPORT.md:595 MD012/no-multiple-blanks Multiple consecutive blank lines [Expected: 1; Actual: 459]
QA_REPORT.md:596 MD012/no-multiple-blanks Multiple consecutive blank lines [Expected: 1; Actual: 460]
QA_REPORT.md:597 MD012/no-multiple-blanks Multiple consecutive blank lines [Expected: 1; Actual: 461]
QA_REPORT.md:598 MD012/no-multiple-blanks Multiple consecutive blank lines [Expected: 1; Actual: 462]
QA_REPORT.md:599 MD012/no-multiple-blanks Multiple consecutive blank lines [Expected: 1; Actual: 463]
QA_REPORT.md:600 MD012/no-multiple-blanks Multiple consecutive blank lines [Expected: 1; Actual: 464]
QA_REPORT.md:601 MD012/no-multiple-blanks Multiple consecutive blank lines [Expected: 1; Actual: 465]
QA_REPORT.md:602 MD012/no-multiple-blanks Multiple consecutive blank lines [Expected: 1; Actual: 466]
QA_REPORT.md:603 MD012/no-multiple-blanks Multiple consecutive blank lines [Expected: 1; Actual: 467]
QA_REPORT.md:604 MD012/no-multiple-blanks Multiple consecutive blank lines [Expected: 1; Actual: 468]
QA_REPORT.md:605 MD012/no-multiple-blanks Multiple consecutive blank lines [Expected: 1; Actual: 469]
QA_REPORT.md:606 MD012/no-multiple-blanks Multiple consecutive blank lines [Expected: 1; Actual: 470]
QA_REPORT.md:607 MD012/no-multiple-blanks Multiple consecutive blank lines [Expected: 1; Actual: 471]
QA_REPORT.md:608 MD012/no-multiple-blanks Multiple consecutive blank lines [Expected: 1; Actual: 472]
QA_REPORT.md:609 MD012/no-multiple-blanks Multiple consecutive blank lines [Expected: 1; Actual: 473]
QA_REPORT.md:610 MD012/no-multiple-blanks Multiple consecutive blank lines [Expected: 1; Actual: 474]
QA_REPORT.md:611 MD012/no-multiple-blanks Multiple consecutive blank lines [Expected: 1; Actual: 475]
QA_REPORT.md:612 MD012/no-multiple-blanks Multiple consecutive blank lines [Expected: 1; Actual: 476]
QA_REPORT.md:613 MD012/no-multiple-blanks Multiple consecutive blank lines [Expected: 1; Actual: 477]
QA_REPORT.md:614 MD012/no-multiple-blanks Multiple consecutive blank lines [Expected: 1; Actual: 478]
QA_REPORT.md:615 MD012/no-multiple-blanks Multiple consecutive blank lines [Expected: 1; Actual: 479]
QA_REPORT.md:616 MD012/no-multiple-blanks Multiple consecutive blank lines [Expected: 1; Actual: 480]
QA_REPORT.md:617 MD012/no-multiple-blanks Multiple consecutive blank lines [Expected: 1; Actual: 481]
QA_REPORT.md:618 MD012/no-multiple-blanks Multiple consecutive blank lines [Expected: 1; Actual: 482]
QA_REPORT.md:619 MD012/no-multiple-blanks Multiple consecutive blank lines [Expected: 1; Actual: 483]
QA_REPORT.md:620 MD012/no-multiple-blanks Multiple consecutive blank lines [Expected: 1; Actual: 484]
QA_REPORT.md:621 MD012/no-multiple-blanks Multiple consecutive blank lines [Expected: 1; Actual: 485]
QA_REPORT.md:622 MD012/no-multiple-blanks Multiple consecutive blank lines [Expected: 1; Actual: 486]
QA_REPORT.md:623 MD012/no-multiple-blanks Multiple consecutive blank lines [Expected: 1; Actual: 487]
QA_REPORT.md:624 MD012/no-multiple-blanks Multiple consecutive blank lines [Expected: 1; Actual: 488]
QA_REPORT.md:625 MD012/no-multiple-blanks Multiple consecutive blank lines [Expected: 1; Actual: 489]
QA_REPORT.md:626 MD012/no-multiple-blanks Multiple consecutive blank lines [Expected: 1; Actual: 490]
QA_REPORT.md:627 MD012/no-multiple-blanks Multiple consecutive blank lines [Expected: 1; Actual: 491]
QA_REPORT.md:628 MD012/no-multiple-blanks Multiple consecutive blank lines [Expected: 1; Actual: 492]
QA_REPORT.md:629 MD012/no-multiple-blanks Multiple consecutive blank lines [Expected: 1; Actual: 493]
QA_REPORT.md:630 MD012/no-multiple-blanks Multiple consecutive blank lines [Expected: 1; Actual: 494]
QA_REPORT.md:631 MD012/no-multiple-blanks Multiple consecutive blank lines [Expected: 1; Actual: 495]
QA_REPORT.md:632 MD012/no-multiple-blanks Multiple consecutive blank lines [Expected: 1; Actual: 496]
QA_REPORT.md:633 MD012/no-multiple-blanks Multiple consecutive blank lines [Expected: 1; Actual: 497]
QA_REPORT.md:634 MD012/no-multiple-blanks Multiple consecutive blank lines [Expected: 1; Actual: 498]
QA_REPORT.md:635 MD012/no-multiple-blanks Multiple consecutive blank lines [Expected: 1; Actual: 499]
QA_REPORT.md:636 MD012/no-multiple-blanks Multiple consecutive blank lines [Expected: 1; Actual: 500]
QA_REPORT.md:637 MD012/no-multiple-blanks Multiple consecutive blank lines [Expected: 1; Actual: 501]
QA_REPORT.md:638 MD012/no-multiple-blanks Multiple consecutive blank lines [Expected: 1; Actual: 502]
QA_REPORT.md:639 MD012/no-multiple-blanks Multiple consecutive blank lines [Expected: 1; Actual: 503]
QA_REPORT.md:640 MD012/no-multiple-blanks Multiple consecutive blank lines [Expected: 1; Actual: 504]
QA_REPORT.md:641 MD012/no-multiple-blanks Multiple consecutive blank lines [Expected: 1; Actual: 505]
QA_REPORT.md:642 MD012/no-multiple-blanks Multiple consecutive blank lines [Expected: 1; Actual: 506]
QA_REPORT.md:643 MD012/no-multiple-blanks Multiple consecutive blank lines [Expected: 1; Actual: 507]
QA_REPORT.md:644 MD012/no-multiple-blanks Multiple consecutive blank lines [Expected: 1; Actual: 508]
QA_REPORT.md:645 MD012/no-multiple-blanks Multiple consecutive blank lines [Expected: 1; Actual: 509]
QA_REPORT.md:646 MD012/no-multiple-blanks Multiple consecutive blank lines [Expected: 1; Actual: 510]
QA_REPORT.md:647 MD012/no-multiple-blanks Multiple consecutive blank lines [Expected: 1; Actual: 511]
QA_REPORT.md:648 MD012/no-multiple-blanks Multiple consecutive blank lines [Expected: 1; Actual: 512]
QA_REPORT.md:649 MD012/no-multiple-blanks Multiple consecutive blank lines [Expected: 1; Actual: 513]
QA_REPORT.md:650 MD012/no-multiple-blanks Multiple consecutive blank lines [Expected: 1; Actual: 514]
QA_REPORT.md:651 MD012/no-multiple-blanks Multiple consecutive blank lines [Expected: 1; Actual: 515]
QA_REPORT.md:652 MD012/no-multiple-blanks Multiple consecutive blank lines [Expected: 1; Actual: 516]
QA_REPORT.md:653 MD012/no-multiple-blanks Multiple consecutive blank lines [Expected: 1; Actual: 517]
QA_REPORT.md:654 MD012/no-multiple-blanks Multiple consecutive blank lines [Expected: 1; Actual: 518]
QA_REPORT.md:655 MD012/no-multiple-blanks Multiple consecutive blank lines [Expected: 1; Actual: 519]
QA_REPORT.md:656 MD012/no-multiple-blanks Multiple consecutive blank lines [Expected: 1; Actual: 520]
QA_REPORT.md:657 MD012/no-multiple-blanks Multiple consecutive blank lines [Expected: 1; Actual: 521]
QA_REPORT.md:658 MD012/no-multiple-blanks Multiple consecutive blank lines [Expected: 1; Actual: 522]
QA_REPORT.md:659 MD012/no-multiple-blanks Multiple consecutive blank lines [Expected: 1; Actual: 523]
QA_REPORT.md:660 MD012/no-multiple-blanks Multiple consecutive blank lines [Expected: 1; Actual: 524]
QA_REPORT.md:661 MD012/no-multiple-blanks Multiple consecutive blank lines [Expected: 1; Actual: 525]
QA_REPORT.md:662 MD012/no-multiple-blanks Multiple consecutive blank lines [Expected: 1; Actual: 526]
QA_REPORT.md:663 MD012/no-multiple-blanks Multiple consecutive blank lines [Expected: 1; Actual: 527]
QA_REPORT.md:664 MD012/no-multiple-blanks Multiple consecutive blank lines [Expected: 1; Actual: 528]
QA_REPORT.md:665 MD012/no-multiple-blanks Multiple consecutive blank lines [Expected: 1; Actual: 529]
QA_REPORT.md:666 MD012/no-multiple-blanks Multiple consecutive blank lines [Expected: 1; Actual: 530]
QA_REPORT.md:667 MD012/no-multiple-blanks Multiple consecutive blank lines [Expected: 1; Actual: 531]
QA_REPORT.md:668 MD012/no-multiple-blanks Multiple consecutive blank lines [Expected: 1; Actual: 532]
QA_REPORT.md:669 MD012/no-multiple-blanks Multiple consecutive blank lines [Expected: 1; Actual: 533]
QA_REPORT.md:670 MD012/no-multiple-blanks Multiple consecutive blank lines [Expected: 1; Actual: 534]
QA_REPORT.md:671 MD012/no-multiple-blanks Multiple consecutive blank lines [Expected: 1; Actual: 535]
QA_REPORT.md:672 MD012/no-multiple-blanks Multiple consecutive blank lines [Expected: 1; Actual: 536]
QA_REPORT.md:673 MD012/no-multiple-blanks Multiple consecutive blank lines [Expected: 1; Actual: 537]
QA_REPORT.md:674 MD012/no-multiple-blanks Multiple consecutive blank lines [Expected: 1; Actual: 538]
QA_REPORT.md:675 MD012/no-multiple-blanks Multiple consecutive blank lines [Expected: 1; Actual: 539]
QA_REPORT.md:676 MD012/no-multiple-blanks Multiple consecutive blank lines [Expected: 1; Actual: 540]
QA_REPORT.md:677 MD012/no-multiple-blanks Multiple consecutive blank lines [Expected: 1; Actual: 541]
QA_REPORT.md:678 MD012/no-multiple-blanks Multiple consecutive blank lines [Expected: 1; Actual: 542]
QA_REPORT.md:679 MD012/no-multiple-blanks Multiple consecutive blank lines [Expected: 1; Actual: 543]
QA_REPORT.md:680 MD012/no-multiple-blanks Multiple consecutive blank lines [Expected: 1; Actual: 544]
QA_REPORT.md:681 MD012/no-multiple-blanks Multiple consecutive blank lines [Expected: 1; Actual: 545]
QA_REPORT.md:682 MD012/no-multiple-blanks Multiple consecutive blank lines [Expected: 1; Actual: 546]
QA_REPORT.md:683 MD012/no-multiple-blanks Multiple consecutive blank lines [Expected: 1; Actual: 547]
QA_REPORT.md:684 MD012/no-multiple-blanks Multiple consecutive blank lines [Expected: 1; Actual: 548]
QA_REPORT.md:685 MD012/no-multiple-blanks Multiple consecutive blank lines [Expected: 1; Actual: 549]
QA_REPORT.md:686 MD012/no-multiple-blanks Multiple consecutive blank lines [Expected: 1; Actual: 550]
QA_REPORT.md:687 MD012/no-multiple-blanks Multiple consecutive blank lines [Expected: 1; Actual: 551]
QA_REPORT.md:688 MD012/no-multiple-blanks Multiple consecutive blank lines [Expected: 1; Actual: 552]
QA_REPORT.md:689 MD012/no-multiple-blanks Multiple consecutive blank lines [Expected: 1; Actual: 553]
QA_REPORT.md:690 MD012/no-multiple-blanks Multiple consecutive blank lines [Expected: 1; Actual: 554]
QA_REPORT.md:691 MD012/no-multiple-blanks Multiple consecutive blank lines [Expected: 1; Actual: 555]
QA_REPORT.md:692 MD012/no-multiple-blanks Multiple consecutive blank lines [Expected: 1; Actual: 556]
QA_REPORT.md:693 MD012/no-multiple-blanks Multiple consecutive blank lines [Expected: 1; Actual: 557]
QA_REPORT.md:694 MD012/no-multiple-blanks Multiple consecutive blank lines [Expected: 1; Actual: 558]
QA_REPORT.md:695 MD012/no-multiple-blanks Multiple consecutive blank lines [Expected: 1; Actual: 559]
QA_REPORT.md:696 MD012/no-multiple-blanks Multiple consecutive blank lines [Expected: 1; Actual: 560]
QA_REPORT.md:697 MD012/no-multiple-blanks Multiple consecutive blank lines [Expected: 1; Actual: 561]
QA_REPORT.md:698 MD012/no-multiple-blanks Multiple consecutive blank lines [Expected: 1; Actual: 562]
QA_REPORT.md:699 MD012/no-multiple-blanks Multiple consecutive blank lines [Expected: 1; Actual: 563]
QA_REPORT.md:700 MD012/no-multiple-blanks Multiple consecutive blank lines [Expected: 1; Actual: 564]
QA_REPORT.md:701 MD012/no-multiple-blanks Multiple consecutive blank lines [Expected: 1; Actual: 565]
QA_REPORT.md:702 MD012/no-multiple-blanks Multiple consecutive blank lines [Expected: 1; Actual: 566]
QA_REPORT.md:703 MD012/no-multiple-blanks Multiple consecutive blank lines [Expected: 1; Actual: 567]
QA_REPORT.md:704 MD012/no-multiple-blanks Multiple consecutive blank lines [Expected: 1; Actual: 568]
QA_REPORT.md:705 MD012/no-multiple-blanks Multiple consecutive blank lines [Expected: 1; Actual: 569]
QA_REPORT.md:706 MD012/no-multiple-blanks Multiple consecutive blank lines [Expected: 1; Actual: 570]
QA_REPORT.md:707 MD012/no-multiple-blanks Multiple consecutive blank lines [Expected: 1; Actual: 571]
QA_REPORT.md:708 MD012/no-multiple-blanks Multiple consecutive blank lines [Expected: 1; Actual: 572]
QA_REPORT.md:709 MD012/no-multiple-blanks Multiple consecutive blank lines [Expected: 1; Actual: 573]
QA_REPORT.md:710 MD012/no-multiple-blanks Multiple consecutive blank lines [Expected: 1; Actual: 574]
QA_REPORT.md:711 MD012/no-multiple-blanks Multiple consecutive blank lines [Expected: 1; Actual: 575]
QA_REPORT.md:712 MD012/no-multiple-blanks Multiple consecutive blank lines [Expected: 1; Actual: 576]
QA_REPORT.md:713 MD012/no-multiple-blanks Multiple consecutive blank lines [Expected: 1; Actual: 577]
QA_REPORT.md:714 MD012/no-multiple-blanks Multiple consecutive blank lines [Expected: 1; Actual: 578]
QA_REPORT.md:715 MD012/no-multiple-blanks Multiple consecutive blank lines [Expected: 1; Actual: 579]
QA_REPORT.md:716 MD012/no-multiple-blanks Multiple consecutive blank lines [Expected: 1; Actual: 580]
QA_REPORT.md:717 MD012/no-multiple-blanks Multiple consecutive blank lines [Expected: 1; Actual: 581]
QA_REPORT.md:718 MD012/no-multiple-blanks Multiple consecutive blank lines [Expected: 1; Actual: 582]
QA_REPORT.md:719 MD012/no-multiple-blanks Multiple consecutive blank lines [Expected: 1; Actual: 583]
QA_REPORT.md:720 MD012/no-multiple-blanks Multiple consecutive blank lines [Expected: 1; Actual: 584]
QA_REPORT.md:721 MD012/no-multiple-blanks Multiple consecutive blank lines [Expected: 1; Actual: 585]
QA_REPORT.md:722 MD012/no-multiple-blanks Multiple consecutive blank lines [Expected: 1; Actual: 586]
QA_REPORT.md:723 MD012/no-multiple-blanks Multiple consecutive blank lines [Expected: 1; Actual: 587]
QA_REPORT.md:724 MD012/no-multiple-blanks Multiple consecutive blank lines [Expected: 1; Actual: 588]
QA_REPORT.md:725 MD012/no-multiple-blanks Multiple consecutive blank lines [Expected: 1; Actual: 589]
QA_REPORT.md:726 MD012/no-multiple-blanks Multiple consecutive blank lines [Expected: 1; Actual: 590]
QA_REPORT.md:727 MD012/no-multiple-blanks Multiple consecutive blank lines [Expected: 1; Actual: 591]
QA_REPORT.md:728 MD012/no-multiple-blanks Multiple consecutive blank lines [Expected: 1; Actual: 592]
QA_REPORT.md:729 MD012/no-multiple-blanks Multiple consecutive blank lines [Expected: 1; Actual: 593]
QA_REPORT.md:730 MD012/no-multiple-blanks Multiple consecutive blank lines [Expected: 1; Actual: 594]
QA_REPORT.md:731 MD012/no-multiple-blanks Multiple consecutive blank lines [Expected: 1; Actual: 595]
QA_REPORT.md:732 MD012/no-multiple-blanks Multiple consecutive blank lines [Expected: 1; Actual: 596]
QA_REPORT.md:733 MD012/no-multiple-blanks Multiple consecutive blank lines [Expected: 1; Actual: 597]
QA_REPORT.md:734 MD012/no-multiple-blanks Multiple consecutive blank lines [Expected: 1; Actual: 598]
QA_REPORT.md:735 MD012/no-multiple-blanks Multiple consecutive blank lines [Expected: 1; Actual: 599]
QA_REPORT.md:736 MD012/no-multiple-blanks Multiple consecutive blank lines [Expected: 1; Actual: 600]
QA_REPORT.md:737 MD012/no-multiple-blanks Multiple consecutive blank lines [Expected: 1; Actual: 601]
QA_REPORT.md:738 MD012/no-multiple-blanks Multiple consecutive blank lines [Expected: 1; Actual: 602]
QA_REPORT.md:739 MD012/no-multiple-blanks Multiple consecutive blank lines [Expected: 1; Actual: 603]
QA_REPORT.md:740 MD012/no-multiple-blanks Multiple consecutive blank lines [Expected: 1; Actual: 604]
QA_REPORT.md:741 MD012/no-multiple-blanks Multiple consecutive blank lines [Expected: 1; Actual: 605]
QA_REPORT.md:742 MD012/no-multiple-blanks Multiple consecutive blank lines [Expected: 1; Actual: 606]
QA_REPORT.md:743 MD012/no-multiple-blanks Multiple consecutive blank lines [Expected: 1; Actual: 607]
QA_REPORT.md:744 MD012/no-multiple-blanks Multiple consecutive blank lines [Expected: 1; Actual: 608]
QA_REPORT.md:745 MD012/no-multiple-blanks Multiple consecutive blank lines [Expected: 1; Actual: 609]
QA_REPORT.md:746 MD012/no-multiple-blanks Multiple consecutive blank lines [Expected: 1; Actual: 610]
QA_REPORT.md:747 MD012/no-multiple-blanks Multiple consecutive blank lines [Expected: 1; Actual: 611]
QA_REPORT.md:748 MD012/no-multiple-blanks Multiple consecutive blank lines [Expected: 1; Actual: 612]
QA_REPORT.md:749 MD012/no-multiple-blanks Multiple consecutive blank lines [Expected: 1; Actual: 613]
QA_REPORT.md:750 MD012/no-multiple-blanks Multiple consecutive blank lines [Expected: 1; Actual: 614]
QA_REPORT.md:751 MD012/no-multiple-blanks Multiple consecutive blank lines [Expected: 1; Actual: 615]
QA_REPORT.md:752 MD012/no-multiple-blanks Multiple consecutive blank lines [Expected: 1; Actual: 616]
QA_REPORT.md:753 MD012/no-multiple-blanks Multiple consecutive blank lines [Expected: 1; Actual: 617]
QA_REPORT.md:754 MD012/no-multiple-blanks Multiple consecutive blank lines [Expected: 1; Actual: 618]
QA_REPORT.md:755 MD012/no-multiple-blanks Multiple consecutive blank lines [Expected: 1; Actual: 619]
QA_REPORT.md:756 MD012/no-multiple-blanks Multiple consecutive blank lines [Expected: 1; Actual: 620]
QA_REPORT.md:757 MD012/no-multiple-blanks Multiple consecutive blank lines [Expected: 1; Actual: 621]
QA_REPORT.md:758 MD012/no-multiple-blanks Multiple consecutive blank lines [Expected: 1; Actual: 622]
QA_REPORT.md:759 MD012/no-multiple-blanks Multiple consecutive blank lines [Expected: 1; Actual: 623]
QA_REPORT.md:760 MD012/no-multiple-blanks Multiple consecutive blank lines [Expected: 1; Actual: 624]
QA_REPORT.md:761 MD012/no-multiple-blanks Multiple consecutive blank lines [Expected: 1; Actual: 625]
QA_REPORT.md:762 MD012/no-multiple-blanks Multiple consecutive blank lines [Expected: 1; Actual: 626]
QA_REPORT.md:763 MD012/no-multiple-blanks Multiple consecutive blank lines [Expected: 1; Actual: 627]
QA_REPORT.md:764 MD012/no-multiple-blanks Multiple consecutive blank lines [Expected: 1; Actual: 628]
QA_REPORT.md:765 MD012/no-multiple-blanks Multiple consecutive blank lines [Expected: 1; Actual: 629]
QA_REPORT.md:766 MD012/no-multiple-blanks Multiple consecutive blank lines [Expected: 1; Actual: 630]
QA_REPORT.md:767 MD012/no-multiple-blanks Multiple consecutive blank lines [Expected: 1; Actual: 631]
QA_REPORT.md:768 MD012/no-multiple-blanks Multiple consecutive blank lines [Expected: 1; Actual: 632]
QA_REPORT.md:769 MD012/no-multiple-blanks Multiple consecutive blank lines [Expected: 1; Actual: 633]
QA_REPORT.md:770 MD012/no-multiple-blanks Multiple consecutive blank lines [Expected: 1; Actual: 634]
QA_REPORT.md:771 MD012/no-multiple-blanks Multiple consecutive blank lines [Expected: 1; Actual: 635]
QA_REPORT.md:772 MD012/no-multiple-blanks Multiple consecutive blank lines [Expected: 1; Actual: 636]
QA_REPORT.md:773 MD012/no-multiple-blanks Multiple consecutive blank lines [Expected: 1; Actual: 637]
QA_REPORT.md:774 MD012/no-multiple-blanks Multiple consecutive blank lines [Expected: 1; Actual: 638]
QA_REPORT.md:775 MD012/no-multiple-blanks Multiple consecutive blank lines [Expected: 1; Actual: 639]
QA_REPORT.md:776 MD012/no-multiple-blanks Multiple consecutive blank lines [Expected: 1; Actual: 640]
QA_REPORT.md:777 MD012/no-multiple-blanks Multiple consecutive blank lines [Expected: 1; Actual: 641]
QA_REPORT.md:778 MD012/no-multiple-blanks Multiple consecutive blank lines [Expected: 1; Actual: 642]
QA_REPORT.md:779 MD012/no-multiple-blanks Multiple consecutive blank lines [Expected: 1; Actual: 643]
QA_REPORT.md:780 MD012/no-multiple-blanks Multiple consecutive blank lines [Expected: 1; Actual: 644]
QA_REPORT.md:781 MD012/no-multiple-blanks Multiple consecutive blank lines [Expected: 1; Actual: 645]
QA_REPORT.md:782 MD012/no-multiple-blanks Multiple consecutive blank lines [Expected: 1; Actual: 646]
QA_REPORT.md:783 MD012/no-multiple-blanks Multiple consecutive blank lines [Expected: 1; Actual: 647]
QA_REPORT.md:784 MD012/no-multiple-blanks Multiple consecutive blank lines [Expected: 1; Actual: 648]
QA_REPORT.md:785 MD012/no-multiple-blanks Multiple consecutive blank lines [Expected: 1; Actual: 649]
QA_REPORT.md:786 MD012/no-multiple-blanks Multiple consecutive blank lines [Expected: 1; Actual: 650]
QA_REPORT.md:787 MD012/no-multiple-blanks Multiple consecutive blank lines [Expected: 1; Actual: 651]
QA_REPORT.md:788 MD012/no-multiple-blanks Multiple consecutive blank lines [Expected: 1; Actual: 652]
QA_REPORT.md:789 MD012/no-multiple-blanks Multiple consecutive blank lines [Expected: 1; Actual: 653]
QA_REPORT.md:790 MD012/no-multiple-blanks Multiple consecutive blank lines [Expected: 1; Actual: 654]
QA_REPORT.md:791 MD012/no-multiple-blanks Multiple consecutive blank lines [Expected: 1; Actual: 655]
QA_REPORT.md:792 MD012/no-multiple-blanks Multiple consecutive blank lines [Expected: 1; Actual: 656]
QA_REPORT.md:793 MD012/no-multiple-blanks Multiple consecutive blank lines [Expected: 1; Actual: 657]
QA_REPORT.md:794 MD012/no-multiple-blanks Multiple consecutive blank lines [Expected: 1; Actual: 658]
QA_REPORT.md:795 MD012/no-multiple-blanks Multiple consecutive blank lines [Expected: 1; Actual: 659]
QA_REPORT.md:796 MD012/no-multiple-blanks Multiple consecutive blank lines [Expected: 1; Actual: 660]
QA_REPORT.md:797 MD012/no-multiple-blanks Multiple consecutive blank lines [Expected: 1; Actual: 661]
QA_REPORT.md:798 MD012/no-multiple-blanks Multiple consecutive blank lines [Expected: 1; Actual: 662]
QA_REPORT.md:799 MD012/no-multiple-blanks Multiple consecutive blank lines [Expected: 1; Actual: 663]
QA_REPORT.md:800 MD012/no-multiple-blanks Multiple consecutive blank lines [Expected: 1; Actual: 664]
QA_REPORT.md:801 MD012/no-multiple-blanks Multiple consecutive blank lines [Expected: 1; Actual: 665]
QA_REPORT.md:802 MD012/no-multiple-blanks Multiple consecutive blank lines [Expected: 1; Actual: 666]
QA_REPORT.md:803 MD012/no-multiple-blanks Multiple consecutive blank lines [Expected: 1; Actual: 667]
QA_REPORT.md:804 MD012/no-multiple-blanks Multiple consecutive blank lines [Expected: 1; Actual: 668]
QA_REPORT.md:805 MD012/no-multiple-blanks Multiple consecutive blank lines [Expected: 1; Actual: 669]
QA_REPORT.md:806 MD012/no-multiple-blanks Multiple consecutive blank lines [Expected: 1; Actual: 670]
QA_REPORT.md:807 MD012/no-multiple-blanks Multiple consecutive blank lines [Expected: 1; Actual: 671]
QA_REPORT.md:808 MD012/no-multiple-blanks Multiple consecutive blank lines [Expected: 1; Actual: 672]
QA_REPORT.md:809 MD012/no-multiple-blanks Multiple consecutive blank lines [Expected: 1; Actual: 673]
QA_REPORT.md:810 MD012/no-multiple-blanks Multiple consecutive blank lines [Expected: 1; Actual: 674]
QA_REPORT.md:811 MD012/no-multiple-blanks Multiple consecutive blank lines [Expected: 1; Actual: 675]
QA_REPORT.md:812 MD012/no-multiple-blanks Multiple consecutive blank lines [Expected: 1; Actual: 676]
QA_REPORT.md:813 MD012/no-multiple-blanks Multiple consecutive blank lines [Expected: 1; Actual: 677]
QA_REPORT.md:814 MD012/no-multiple-blanks Multiple consecutive blank lines [Expected: 1; Actual: 678]
QA_REPORT.md:815 MD012/no-multiple-blanks Multiple consecutive blank lines [Expected: 1; Actual: 679]
QA_REPORT.md:816 MD012/no-multiple-blanks Multiple consecutive blank lines [Expected: 1; Actual: 680]
QA_REPORT.md:817 MD012/no-multiple-blanks Multiple consecutive blank lines [Expected: 1; Actual: 681]
QA_REPORT.md:818 MD012/no-multiple-blanks Multiple consecutive blank lines [Expected: 1; Actual: 682]
QA_REPORT.md:819 MD012/no-multiple-blanks Multiple consecutive blank lines [Expected: 1; Actual: 683]
QA_REPORT.md:820 MD012/no-multiple-blanks Multiple consecutive blank lines [Expected: 1; Actual: 684]
QA_REPORT.md:821 MD012/no-multiple-blanks Multiple consecutive blank lines [Expected: 1; Actual: 685]
QA_REPORT.md:822 MD012/no-multiple-blanks Multiple consecutive blank lines [Expected: 1; Actual: 686]
QA_REPORT.md:823 MD012/no-multiple-blanks Multiple consecutive blank lines [Expected: 1; Actual: 687]
QA_REPORT.md:824 MD012/no-multiple-blanks Multiple consecutive blank lines [Expected: 1; Actual: 688]
QA_REPORT.md:825 MD012/no-multiple-blanks Multiple consecutive blank lines [Expected: 1; Actual: 689]
QA_REPORT.md:826 MD012/no-multiple-blanks Multiple consecutive blank lines [Expected: 1; Actual: 690]
QA_REPORT.md:827 MD012/no-multiple-blanks Multiple consecutive blank lines [Expected: 1; Actual: 691]
QA_REPORT.md:828 MD012/no-multiple-blanks Multiple consecutive blank lines [Expected: 1; Actual: 692]
QA_REPORT.md:829 MD012/no-multiple-blanks Multiple consecutive blank lines [Expected: 1; Actual: 693]
QA_REPORT.md:830 MD012/no-multiple-blanks Multiple consecutive blank lines [Expected: 1; Actual: 694]
QA_REPORT.md:831 MD012/no-multiple-blanks Multiple consecutive blank lines [Expected: 1; Actual: 695]
QA_REPORT.md:832 MD012/no-multiple-blanks Multiple consecutive blank lines [Expected: 1; Actual: 696]
QA_REPORT.md:833 MD012/no-multiple-blanks Multiple consecutive blank lines [Expected: 1; Actual: 697]
QA_REPORT.md:834 MD012/no-multiple-blanks Multiple consecutive blank lines [Expected: 1; Actual: 698]
QA_REPORT.md:835 MD012/no-multiple-blanks Multiple consecutive blank lines [Expected: 1; Actual: 699]
QA_REPORT.md:836 MD012/no-multiple-blanks Multiple consecutive blank lines [Expected: 1; Actual: 700]
QA_REPORT.md:837 MD012/no-multiple-blanks Multiple consecutive blank lines [Expected: 1; Actual: 701]
QA_REPORT.md:838 MD012/no-multiple-blanks Multiple consecutive blank lines [Expected: 1; Actual: 702]
QA_REPORT.md:839 MD012/no-multiple-blanks Multiple consecutive blank lines [Expected: 1; Actual: 703]
QA_REPORT.md:840 MD012/no-multiple-blanks Multiple consecutive blank lines [Expected: 1; Actual: 704]
QA_REPORT.md:841 MD012/no-multiple-blanks Multiple consecutive blank lines [Expected: 1; Actual: 705]
QA_REPORT.md:842 MD012/no-multiple-blanks Multiple consecutive blank lines [Expected: 1; Actual: 706]
QA_REPORT.md:843 MD012/no-multiple-blanks Multiple consecutive blank lines [Expected: 1; Actual: 707]
QA_REPORT.md:844 MD012/no-multiple-blanks Multiple consecutive blank lines [Expected: 1; Actual: 708]
QA_REPORT.md:845 MD012/no-multiple-blanks Multiple consecutive blank lines [Expected: 1; Actual: 709]
QA_REPORT.md:846 MD012/no-multiple-blanks Multiple consecutive blank lines [Expected: 1; Actual: 710]
QA_REPORT.md:847 MD012/no-multiple-blanks Multiple consecutive blank lines [Expected: 1; Actual: 711]
QA_REPORT.md:848 MD012/no-multiple-blanks Multiple consecutive blank lines [Expected: 1; Actual: 712]
QA_REPORT.md:849 MD012/no-multiple-blanks Multiple consecutive blank lines [Expected: 1; Actual: 713]
QA_REPORT.md:850 MD012/no-multiple-blanks Multiple consecutive blank lines [Expected: 1; Actual: 714]
QA_REPORT.md:851 MD012/no-multiple-blanks Multiple consecutive blank lines [Expected: 1; Actual: 715]
QA_REPORT.md:852 MD012/no-multiple-blanks Multiple consecutive blank lines [Expected: 1; Actual: 716]
QA_REPORT.md:853 MD012/no-multiple-blanks Multiple consecutive blank lines [Expected: 1; Actual: 717]
QA_REPORT.md:854 MD012/no-multiple-blanks Multiple consecutive blank lines [Expected: 1; Actual: 718]
QA_REPORT.md:855 MD012/no-multiple-blanks Multiple consecutive blank lines [Expected: 1; Actual: 719]
QA_REPORT.md:856 MD012/no-multiple-blanks Multiple consecutive blank lines [Expected: 1; Actual: 720]
QA_REPORT.md:857 MD012/no-multiple-blanks Multiple consecutive blank lines [Expected: 1; Actual: 721]
QA_REPORT.md:858 MD012/no-multiple-blanks Multiple consecutive blank lines [Expected: 1; Actual: 722]
QA_REPORT.md:859 MD012/no-multiple-blanks Multiple consecutive blank lines [Expected: 1; Actual: 723]
QA_REPORT.md:860 MD012/no-multiple-blanks Multiple consecutive blank lines [Expected: 1; Actual: 724]
QA_REPORT.md:861 MD012/no-multiple-blanks Multiple consecutive blank lines [Expected: 1; Actual: 725]
QA_REPORT.md:862 MD012/no-multiple-blanks Multiple consecutive blank lines [Expected: 1; Actual: 726]
QA_REPORT.md:863 MD012/no-multiple-blanks Multiple consecutive blank lines [Expected: 1; Actual: 727]
QA_REPORT.md:864 MD012/no-multiple-blanks Multiple consecutive blank lines [Expected: 1; Actual: 728]
QA_REPORT.md:865 MD012/no-multiple-blanks Multiple consecutive blank lines [Expected: 1; Actual: 729]
QA_REPORT.md:866 MD012/no-multiple-blanks Multiple consecutive blank lines [Expected: 1; Actual: 730]
QA_REPORT.md:867 MD012/no-multiple-blanks Multiple consecutive blank lines [Expected: 1; Actual: 731]
QA_REPORT.md:868 MD012/no-multiple-blanks Multiple consecutive blank lines [Expected: 1; Actual: 732]
QA_REPORT.md:869 MD012/no-multiple-blanks Multiple consecutive blank lines [Expected: 1; Actual: 733]
QA_REPORT.md:870 MD012/no-multiple-blanks Multiple consecutive blank lines [Expected: 1; Actual: 734]
QA_REPORT.md:871 MD012/no-multiple-blanks Multiple consecutive blank lines [Expected: 1; Actual: 735]
QA_REPORT.md:872 MD012/no-multiple-blanks Multiple consecutive blank lines [Expected: 1; Actual: 736]
QA_REPORT.md:873 MD012/no-multiple-blanks Multiple consecutive blank lines [Expected: 1; Actual: 737]
QA_REPORT.md:874 MD012/no-multiple-blanks Multiple consecutive blank lines [Expected: 1; Actual: 738]
QA_REPORT.md:875 MD012/no-multiple-blanks Multiple consecutive blank lines [Expected: 1; Actual: 739]
QA_REPORT.md:876 MD012/no-multiple-blanks Multiple consecutive blank lines [Expected: 1; Actual: 740]
QA_REPORT.md:877 MD012/no-multiple-blanks Multiple consecutive blank lines [Expected: 1; Actual: 741]
QA_REPORT.md:878 MD012/no-multiple-blanks Multiple consecutive blank lines [Expected: 1; Actual: 742]
QA_REPORT.md:879 MD012/no-multiple-blanks Multiple consecutive blank lines [Expected: 1; Actual: 743]
QA_REPORT.md:880 MD012/no-multiple-blanks Multiple consecutive blank lines [Expected: 1; Actual: 744]
QA_REPORT.md:881 MD012/no-multiple-blanks Multiple consecutive blank lines [Expected: 1; Actual: 745]
QA_REPORT.md:882 MD012/no-multiple-blanks Multiple consecutive blank lines [Expected: 1; Actual: 746]
QA_REPORT.md:883 MD012/no-multiple-blanks Multiple consecutive blank lines [Expected: 1; Actual: 747]
QA_REPORT.md:884 MD012/no-multiple-blanks Multiple consecutive blank lines [Expected: 1; Actual: 748]
QA_REPORT.md:885 MD012/no-multiple-blanks Multiple consecutive blank lines [Expected: 1; Actual: 749]
QA_REPORT.md:886 MD012/no-multiple-blanks Multiple consecutive blank lines [Expected: 1; Actual: 750]
QA_REPORT.md:887 MD012/no-multiple-blanks Multiple consecutive blank lines [Expected: 1; Actual: 751]
QA_REPORT.md:888 MD012/no-multiple-blanks Multiple consecutive blank lines [Expected: 1; Actual: 752]
QA_REPORT.md:889 MD012/no-multiple-blanks Multiple consecutive blank lines [Expected: 1; Actual: 753]
QA_REPORT.md:890 MD012/no-multiple-blanks Multiple consecutive blank lines [Expected: 1; Actual: 754]
QA_REPORT.md:891 MD012/no-multiple-blanks Multiple consecutive blank lines [Expected: 1; Actual: 755]
QA_REPORT.md:892 MD012/no-multiple-blanks Multiple consecutive blank lines [Expected: 1; Actual: 756]
QA_REPORT.md:893 MD012/no-multiple-blanks Multiple consecutive blank lines [Expected: 1; Actual: 757]
QA_REPORT.md:894 MD012/no-multiple-blanks Multiple consecutive blank lines [Expected: 1; Actual: 758]
QA_REPORT.md:895 MD012/no-multiple-blanks Multiple consecutive blank lines [Expected: 1; Actual: 759]
QA_REPORT.md:896 MD012/no-multiple-blanks Multiple consecutive blank lines [Expected: 1; Actual: 760]
QA_REPORT.md:897 MD012/no-multiple-blanks Multiple consecutive blank lines [Expected: 1; Actual: 761]
QA_REPORT.md:898 MD012/no-multiple-blanks Multiple consecutive blank lines [Expected: 1; Actual: 762]
QA_REPORT.md:899 MD012/no-multiple-blanks Multiple consecutive blank lines [Expected: 1; Actual: 763]
QA_REPORT.md:900 MD012/no-multiple-blanks Multiple consecutive blank lines [Expected: 1; Actual: 764]
QA_REPORT.md:901 MD012/no-multiple-blanks Multiple consecutive blank lines [Expected: 1; Actual: 765]
QA_REPORT.md:902 MD012/no-multiple-blanks Multiple consecutive blank lines [Expected: 1; Actual: 766]
QA_REPORT.md:903 MD012/no-multiple-blanks Multiple consecutive blank lines [Expected: 1; Actual: 767]
QA_REPORT.md:904 MD012/no-multiple-blanks Multiple consecutive blank lines [Expected: 1; Actual: 768]
QA_REPORT.md:905 MD012/no-multiple-blanks Multiple consecutive blank lines [Expected: 1; Actual: 769]
QA_REPORT.md:906 MD012/no-multiple-blanks Multiple consecutive blank lines [Expected: 1; Actual: 770]
QA_REPORT.md:907 MD012/no-multiple-blanks Multiple consecutive blank lines [Expected: 1; Actual: 771]
QA_REPORT.md:908 MD012/no-multiple-blanks Multiple consecutive blank lines [Expected: 1; Actual: 772]
QA_REPORT.md:909 MD012/no-multiple-blanks Multiple consecutive blank lines [Expected: 1; Actual: 773]
QA_REPORT.md:910 MD012/no-multiple-blanks Multiple consecutive blank lines [Expected: 1; Actual: 774]
QA_REPORT.md:911 MD012/no-multiple-blanks Multiple consecutive blank lines [Expected: 1; Actual: 775]
QA_REPORT.md:912 MD012/no-multiple-blanks Multiple consecutive blank lines [Expected: 1; Actual: 776]
QA_REPORT.md:913 MD012/no-multiple-blanks Multiple consecutive blank lines [Expected: 1; Actual: 777]
QA_REPORT.md:914 MD012/no-multiple-blanks Multiple consecutive blank lines [Expected: 1; Actual: 778]
QA_REPORT.md:915 MD012/no-multiple-blanks Multiple consecutive blank lines [Expected: 1; Actual: 779]
QA_REPORT.md:916 MD012/no-multiple-blanks Multiple consecutive blank lines [Expected: 1; Actual: 780]
QA_REPORT.md:917 MD012/no-multiple-blanks Multiple consecutive blank lines [Expected: 1; Actual: 781]
QA_REPORT.md:918 MD012/no-multiple-blanks Multiple consecutive blank lines [Expected: 1; Actual: 782]
QA_REPORT.md:919 MD012/no-multiple-blanks Multiple consecutive blank lines [Expected: 1; Actual: 783]
QA_REPORT.md:920 MD012/no-multiple-blanks Multiple consecutive blank lines [Expected: 1; Actual: 784]
QA_REPORT.md:921 MD012/no-multiple-blanks Multiple consecutive blank lines [Expected: 1; Actual: 785]
QA_REPORT.md:922 MD012/no-multiple-blanks Multiple consecutive blank lines [Expected: 1; Actual: 786]
QA_REPORT.md:923 MD012/no-multiple-blanks Multiple consecutive blank lines [Expected: 1; Actual: 787]
QA_REPORT.md:924 MD012/no-multiple-blanks Multiple consecutive blank lines [Expected: 1; Actual: 788]
QA_REPORT.md:925 MD012/no-multiple-blanks Multiple consecutive blank lines [Expected: 1; Actual: 789]
QA_REPORT.md:926 MD012/no-multiple-blanks Multiple consecutive blank lines [Expected: 1; Actual: 790]
QA_REPORT.md:927 MD012/no-multiple-blanks Multiple consecutive blank lines [Expected: 1; Actual: 791]
QA_REPORT.md:928 MD012/no-multiple-blanks Multiple consecutive blank lines [Expected: 1; Actual: 792]
QA_REPORT.md:929 MD012/no-multiple-blanks Multiple consecutive blank lines [Expected: 1; Actual: 793]
QA_REPORT.md:930 MD012/no-multiple-blanks Multiple consecutive blank lines [Expected: 1; Actual: 794]
QA_REPORT.md:931 MD012/no-multiple-blanks Multiple consecutive blank lines [Expected: 1; Actual: 795]
QA_REPORT.md:932 MD012/no-multiple-blanks Multiple consecutive blank lines [Expected: 1; Actual: 796]
QA_REPORT.md:933 MD012/no-multiple-blanks Multiple consecutive blank lines [Expected: 1; Actual: 797]
QA_REPORT.md:934 MD012/no-multiple-blanks Multiple consecutive blank lines [Expected: 1; Actual: 798]
QA_REPORT.md:935 MD012/no-multiple-blanks Multiple consecutive blank lines [Expected: 1; Actual: 799]
QA_REPORT.md:936 MD012/no-multiple-blanks Multiple consecutive blank lines [Expected: 1; Actual: 800]
QA_REPORT.md:937 MD012/no-multiple-blanks Multiple consecutive blank lines [Expected: 1; Actual: 801]
QA_REPORT.md:938 MD012/no-multiple-blanks Multiple consecutive blank lines [Expected: 1; Actual: 802]
QA_REPORT.md:939 MD012/no-multiple-blanks Multiple consecutive blank lines [Expected: 1; Actual: 803]
QA_REPORT.md:940 MD012/no-multiple-blanks Multiple consecutive blank lines [Expected: 1; Actual: 804]
QA_REPORT.md:941 MD012/no-multiple-blanks Multiple consecutive blank lines [Expected: 1; Actual: 805]
QA_REPORT.md:942 MD012/no-multiple-blanks Multiple consecutive blank lines [Expected: 1; Actual: 806]
QA_REPORT.md:943 MD012/no-multiple-blanks Multiple consecutive blank lines [Expected: 1; Actual: 807]
QA_REPORT.md:944 MD012/no-multiple-blanks Multiple consecutive blank lines [Expected: 1; Actual: 808]
QA_REPORT.md:945 MD012/no-multiple-blanks Multiple consecutive blank lines [Expected: 1; Actual: 809]
QA_REPORT.md:946 MD012/no-multiple-blanks Multiple consecutive blank lines [Expected: 1; Actual: 810]
QA_REPORT.md:947 MD012/no-multiple-blanks Multiple consecutive blank lines [Expected: 1; Actual: 811]
QA_REPORT.md:948 MD012/no-multiple-blanks Multiple consecutive blank lines [Expected: 1; Actual: 812]
QA_REPORT.md:949 MD012/no-multiple-blanks Multiple consecutive blank lines [Expected: 1; Actual: 813]
QA_REPORT.md:950 MD012/no-multiple-blanks Multiple consecutive blank lines [Expected: 1; Actual: 814]
QA_REPORT.md:951 MD012/no-multiple-blanks Multiple consecutive blank lines [Expected: 1; Actual: 815]
QA_REPORT.md:952 MD012/no-multiple-blanks Multiple consecutive blank lines [Expected: 1; Actual: 816]
QA_REPORT.md:953 MD012/no-multiple-blanks Multiple consecutive blank lines [Expected: 1; Actual: 817]
QA_REPORT.md:954 MD012/no-multiple-blanks Multiple consecutive blank lines [Expected: 1; Actual: 818]
QA_REPORT.md:955 MD012/no-multiple-blanks Multiple consecutive blank lines [Expected: 1; Actual: 819]
QA_REPORT.md:956 MD012/no-multiple-blanks Multiple consecutive blank lines [Expected: 1; Actual: 820]
QA_REPORT.md:957 MD012/no-multiple-blanks Multiple consecutive blank lines [Expected: 1; Actual: 821]
QA_REPORT.md:958 MD012/no-multiple-blanks Multiple consecutive blank lines [Expected: 1; Actual: 822]
QA_REPORT.md:959 MD012/no-multiple-blanks Multiple consecutive blank lines [Expected: 1; Actual: 823]
QA_REPORT.md:960 MD012/no-multiple-blanks Multiple consecutive blank lines [Expected: 1; Actual: 824]
QA_REPORT.md:961 MD012/no-multiple-blanks Multiple consecutive blank lines [Expected: 1; Actual: 825]
QA_REPORT.md:962 MD012/no-multiple-blanks Multiple consecutive blank lines [Expected: 1; Actual: 826]
QA_REPORT.md:963 MD012/no-multiple-blanks Multiple consecutive blank lines [Expected: 1; Actual: 827]
QA_REPORT.md:964 MD012/no-multiple-blanks Multiple consecutive blank lines [Expected: 1; Actual: 828]
QA_REPORT.md:965 MD012/no-multiple-blanks Multiple consecutive blank lines [Expected: 1; Actual: 829]
QA_REPORT.md:966 MD012/no-multiple-blanks Multiple consecutive blank lines [Expected: 1; Actual: 830]
QA_REPORT.md:967 MD012/no-multiple-blanks Multiple consecutive blank lines [Expected: 1; Actual: 831]
QA_REPORT.md:968 MD012/no-multiple-blanks Multiple consecutive blank lines [Expected: 1; Actual: 832]
QA_REPORT.md:969 MD012/no-multiple-blanks Multiple consecutive blank lines [Expected: 1; Actual: 833]
QA_REPORT.md:970 MD012/no-multiple-blanks Multiple consecutive blank lines [Expected: 1; Actual: 834]
QA_REPORT.md:971 MD012/no-multiple-blanks Multiple consecutive blank lines [Expected: 1; Actual: 835]
QA_REPORT.md:972 MD012/no-multiple-blanks Multiple consecutive blank lines [Expected: 1; Actual: 836]
QA_REPORT.md:973 MD012/no-multiple-blanks Multiple consecutive blank lines [Expected: 1; Actual: 837]
QA_REPORT.md:974 MD012/no-multiple-blanks Multiple consecutive blank lines [Expected: 1; Actual: 838]
QA_REPORT.md:975 MD012/no-multiple-blanks Multiple consecutive blank lines [Expected: 1; Actual: 839]
QA_REPORT.md:976 MD012/no-multiple-blanks Multiple consecutive blank lines [Expected: 1; Actual: 840]
QA_REPORT.md:977 MD012/no-multiple-blanks Multiple consecutive blank lines [Expected: 1; Actual: 841]
QA_REPORT.md:978 MD012/no-multiple-blanks Multiple consecutive blank lines [Expected: 1; Actual: 842]
QA_REPORT.md:979 MD012/no-multiple-blanks Multiple consecutive blank lines [Expected: 1; Actual: 843]
QA_REPORT.md:980 MD012/no-multiple-blanks Multiple consecutive blank lines [Expected: 1; Actual: 844]
QA_REPORT.md:981 MD012/no-multiple-blanks Multiple consecutive blank lines [Expected: 1; Actual: 845]
QA_REPORT.md:982 MD012/no-multiple-blanks Multiple consecutive blank lines [Expected: 1; Actual: 846]
QA_REPORT.md:983 MD012/no-multiple-blanks Multiple consecutive blank lines [Expected: 1; Actual: 847]
QA_REPORT.md:984 MD012/no-multiple-blanks Multiple consecutive blank lines [Expected: 1; Actual: 848]
QA_REPORT.md:985 MD012/no-multiple-blanks Multiple consecutive blank lines [Expected: 1; Actual: 849]
QA_REPORT.md:986 MD012/no-multiple-blanks Multiple consecutive blank lines [Expected: 1; Actual: 850]
QA_REPORT.md:987 MD012/no-multiple-blanks Multiple consecutive blank lines [Expected: 1; Actual: 851]
QA_REPORT.md:988 MD012/no-multiple-blanks Multiple consecutive blank lines [Expected: 1; Actual: 852]
QA_REPORT.md:989 MD012/no-multiple-blanks Multiple consecutive blank lines [Expected: 1; Actual: 853]
QA_REPORT.md:990 MD012/no-multiple-blanks Multiple consecutive blank lines [Expected: 1; Actual: 854]
QA_REPORT.md:991 MD012/no-multiple-blanks Multiple consecutive blank lines [Expected: 1; Actual: 855]
QA_REPORT.md:992 MD012/no-multiple-blanks Multiple consecutive blank lines [Expected: 1; Actual: 856]
QA_REPORT.md:993 MD012/no-multiple-blanks Multiple consecutive blank lines [Expected: 1; Actual: 857]
QA_REPORT.md:994 MD012/no-multiple-blanks Multiple consecutive blank lines [Expected: 1; Actual: 858]
QA_REPORT.md:995 MD012/no-multiple-blanks Multiple consecutive blank lines [Expected: 1; Actual: 859]
QA_REPORT.md:996 MD012/no-multiple-blanks Multiple consecutive blank lines [Expected: 1; Actual: 860]
QA_REPORT.md:997 MD012/no-multiple-blanks Multiple consecutive blank lines [Expected: 1; Actual: 861]
QA_REPORT.md:998 MD012/no-multiple-blanks Multiple consecutive blank lines [Expected: 1; Actual: 862]
QA_REPORT.md:999 MD012/no-multiple-blanks Multiple consecutive blank lines [Expected: 1; Actual: 863]
QA_REPORT.md:1000 MD012/no-multiple-blanks Multiple consecutive blank lines [Expected: 1; Actual: 864]
QA_REPORT.md:1001 MD012/no-multiple-blanks Multiple consecutive blank lines [Expected: 1; Actual: 865]
QA_REPORT.md:1002 MD012/no-multiple-blanks Multiple consecutive blank lines [Expected: 1; Actual: 866]
QA_REPORT.md:1003 MD012/no-multiple-blanks Multiple consecutive blank lines [Expected: 1; Actual: 867]
QA_REPORT.md:1004 MD012/no-multiple-blanks Multiple consecutive blank lines [Expected: 1; Actual: 868]
QA_REPORT.md:1005 MD012/no-multiple-blanks Multiple consecutive blank lines [Expected: 1; Actual: 869]
QA_REPORT.md:1006 MD012/no-multiple-blanks Multiple consecutive blank lines [Expected: 1; Actual: 870]
QA_REPORT.md:1007 MD012/no-multiple-blanks Multiple consecutive blank lines [Expected: 1; Actual: 871]
QA_REPORT.md:1008 MD012/no-multiple-blanks Multiple consecutive blank lines [Expected: 1; Actual: 872]
QA_REPORT.md:1009 MD012/no-multiple-blanks Multiple consecutive blank lines [Expected: 1; Actual: 873]
QA_REPORT.md:1010 MD012/no-multiple-blanks Multiple consecutive blank lines [Expected: 1; Actual: 874]
QA_REPORT.md:1011 MD012/no-multiple-blanks Multiple consecutive blank lines [Expected: 1; Actual: 875]
QA_REPORT.md:1012 MD012/no-multiple-blanks Multiple consecutive blank lines [Expected: 1; Actual: 876]
QA_REPORT.md:1013 MD012/no-multiple-blanks Multiple consecutive blank lines [Expected: 1; Actual: 877]
QA_REPORT.md:1014 MD012/no-multiple-blanks Multiple consecutive blank lines [Expected: 1; Actual: 878]
QA_REPORT.md:1015 MD012/no-multiple-blanks Multiple consecutive blank lines [Expected: 1; Actual: 879]
QA_REPORT.md:1016 MD012/no-multiple-blanks Multiple consecutive blank lines [Expected: 1; Actual: 880]
QA_REPORT.md:1017 MD012/no-multiple-blanks Multiple consecutive blank lines [Expected: 1; Actual: 881]
QA_REPORT.md:1018 MD012/no-multiple-blanks Multiple consecutive blank lines [Expected: 1; Actual: 882]
QA_REPORT.md:1019 MD012/no-multiple-blanks Multiple consecutive blank lines [Expected: 1; Actual: 883]
QA_REPORT.md:1020 MD012/no-multiple-blanks Multiple consecutive blank lines [Expected: 1; Actual: 884]
QA_REPORT.md:1021 MD012/no-multiple-blanks Multiple consecutive blank lines [Expected: 1; Actual: 885]
QA_REPORT.md:1022 MD012/no-multiple-blanks Multiple consecutive blank lines [Expected: 1; Actual: 886]
QA_REPORT.md:1023 MD012/no-multiple-blanks Multiple consecutive blank lines [Expected: 1; Actual: 887]
QA_REPORT.md:1024 MD012/no-multiple-blanks Multiple consecutive blank lines [Expected: 1; Actual: 888]
QA_REPORT.md:1025 MD012/no-multiple-blanks Multiple consecutive blank lines [Expected: 1; Actual: 889]
QA_REPORT.md:1026 MD012/no-multiple-blanks Multiple consecutive blank lines [Expected: 1; Actual: 890]
QA_REPORT.md:1027 MD012/no-multiple-blanks Multiple consecutive blank lines [Expected: 1; Actual: 891]
QA_REPORT.md:1028 MD012/no-multiple-blanks Multiple consecutive blank lines [Expected: 1; Actual: 892]
QA_REPORT.md:1029 MD012/no-multiple-blanks Multiple consecutive blank lines [Expected: 1; Actual: 893]
QA_REPORT.md:1030 MD012/no-multiple-blanks Multiple consecutive blank lines [Expected: 1; Actual: 894]
QA_REPORT.md:1031 MD012/no-multiple-blanks Multiple consecutive blank lines [Expected: 1; Actual: 895]
QA_REPORT.md:1032 MD012/no-multiple-blanks Multiple consecutive blank lines [Expected: 1; Actual: 896]
QA_REPORT.md:1033 MD012/no-multiple-blanks Multiple consecutive blank lines [Expected: 1; Actual: 897]
QA_REPORT.md:1034 MD012/no-multiple-blanks Multiple consecutive blank lines [Expected: 1; Actual: 898]
QA_REPORT.md:1035 MD012/no-multiple-blanks Multiple consecutive blank lines [Expected: 1; Actual: 899]
QA_REPORT.md:1036 MD012/no-multiple-blanks Multiple consecutive blank lines [Expected: 1; Actual: 900]
QA_REPORT.md:1037 MD012/no-multiple-blanks Multiple consecutive blank lines [Expected: 1; Actual: 901]
QA_REPORT.md:1038 MD012/no-multiple-blanks Multiple consecutive blank lines [Expected: 1; Actual: 902]
QA_REPORT.md:1039 MD012/no-multiple-blanks Multiple consecutive blank lines [Expected: 1; Actual: 903]
QA_REPORT.md:1040 MD012/no-multiple-blanks Multiple consecutive blank lines [Expected: 1; Actual: 904]
QA_REPORT.md:1041 MD012/no-multiple-blanks Multiple consecutive blank lines [Expected: 1; Actual: 905]
QA_REPORT.md:1042 MD012/no-multiple-blanks Multiple consecutive blank lines [Expected: 1; Actual: 906]
QA_REPORT.md:1043 MD012/no-multiple-blanks Multiple consecutive blank lines [Expected: 1; Actual: 907]
QA_REPORT.md:1044 MD012/no-multiple-blanks Multiple consecutive blank lines [Expected: 1; Actual: 908]
QA_REPORT.md:1045 MD012/no-multiple-blanks Multiple consecutive blank lines [Expected: 1; Actual: 909]
QA_REPORT.md:1046 MD012/no-multiple-blanks Multiple consecutive blank lines [Expected: 1; Actual: 910]
QA_REPORT.md:1047 MD012/no-multiple-blanks Multiple consecutive blank lines [Expected: 1; Actual: 911]
QA_REPORT.md:1048 MD012/no-multiple-blanks Multiple consecutive blank lines [Expected: 1; Actual: 912]
QA_REPORT.md:1049 MD012/no-multiple-blanks Multiple consecutive blank lines [Expected: 1; Actual: 913]
QA_REPORT.md:1050 MD012/no-multiple-blanks Multiple consecutive blank lines [Expected: 1; Actual: 914]
QA_REPORT.md:1051 MD012/no-multiple-blanks Multiple consecutive blank lines [Expected: 1; Actual: 915]
QA_REPORT.md:1052 MD012/no-multiple-blanks Multiple consecutive blank lines [Expected: 1; Actual: 916]
QA_REPORT.md:1053 MD012/no-multiple-blanks Multiple consecutive blank lines [Expected: 1; Actual: 917]
QA_REPORT.md:1054 MD012/no-multiple-blanks Multiple consecutive blank lines [Expected: 1; Actual: 918]
QA_REPORT.md:1055 MD012/no-multiple-blanks Multiple consecutive blank lines [Expected: 1; Actual: 919]
QA_REPORT.md:1056 MD012/no-multiple-blanks Multiple consecutive blank lines [Expected: 1; Actual: 920]
QA_REPORT.md:1057 MD012/no-multiple-blanks Multiple consecutive blank lines [Expected: 1; Actual: 921]
QA_REPORT.md:1058 MD012/no-multiple-blanks Multiple consecutive blank lines [Expected: 1; Actual: 922]
QA_REPORT.md:1059 MD012/no-multiple-blanks Multiple consecutive blank lines [Expected: 1; Actual: 923]
QA_REPORT.md:1060 MD012/no-multiple-blanks Multiple consecutive blank lines [Expected: 1; Actual: 924]
QA_REPORT.md:1061 MD012/no-multiple-blanks Multiple consecutive blank lines [Expected: 1; Actual: 925]
QA_REPORT.md:1062 MD012/no-multiple-blanks Multiple consecutive blank lines [Expected: 1; Actual: 926]
QA_REPORT.md:1063 MD012/no-multiple-blanks Multiple consecutive blank lines [Expected: 1; Actual: 927]
QA_REPORT.md:1064 MD012/no-multiple-blanks Multiple consecutive blank lines [Expected: 1; Actual: 928]
QA_REPORT.md:1065 MD012/no-multiple-blanks Multiple consecutive blank lines [Expected: 1; Actual: 929]
QA_REPORT.md:1066 MD012/no-multiple-blanks Multiple consecutive blank lines [Expected: 1; Actual: 930]
QA_REPORT.md:1067 MD012/no-multiple-blanks Multiple consecutive blank lines [Expected: 1; Actual: 931]
QA_REPORT.md:1068 MD012/no-multiple-blanks Multiple consecutive blank lines [Expected: 1; Actual: 932]
QA_REPORT.md:1069 MD012/no-multiple-blanks Multiple consecutive blank lines [Expected: 1; Actual: 933]
QA_REPORT.md:1070 MD012/no-multiple-blanks Multiple consecutive blank lines [Expected: 1; Actual: 934]
QA_REPORT.md:1071 MD012/no-multiple-blanks Multiple consecutive blank lines [Expected: 1; Actual: 935]
QA_REPORT.md:1072 MD012/no-multiple-blanks Multiple consecutive blank lines [Expected: 1; Actual: 936]
QA_REPORT.md:1073 MD012/no-multiple-blanks Multiple consecutive blank lines [Expected: 1; Actual: 937]
QA_REPORT.md:1074 MD012/no-multiple-blanks Multiple consecutive blank lines [Expected: 1; Actual: 938]
QA_REPORT.md:1075 MD012/no-multiple-blanks Multiple consecutive blank lines [Expected: 1; Actual: 939]
QA_REPORT.md:1076 MD012/no-multiple-blanks Multiple consecutive blank lines [Expected: 1; Actual: 940]
QA_REPORT.md:1077 MD012/no-multiple-blanks Multiple consecutive blank lines [Expected: 1; Actual: 941]
QA_REPORT.md:1078 MD012/no-multiple-blanks Multiple consecutive blank lines [Expected: 1; Actual: 942]
QA_REPORT.md:1079 MD012/no-multiple-blanks Multiple consecutive blank lines [Expected: 1; Actual: 943]
QA_REPORT.md:1080 MD012/no-multiple-blanks Multiple consecutive blank lines [Expected: 1; Actual: 944]
QA_REPORT.md:1081 MD012/no-multiple-blanks Multiple consecutive blank lines [Expected: 1; Actual: 945]
QA_REPORT.md:1082 MD012/no-multiple-blanks Multiple consecutive blank lines [Expected: 1; Actual: 946]
QA_REPORT.md:1083 MD012/no-multiple-blanks Multiple consecutive blank lines [Expected: 1; Actual: 947]
QA_REPORT.md:1084 MD012/no-multiple-blanks Multiple consecutive blank lines [Expected: 1; Actual: 948]
QA_REPORT.md:1085 MD012/no-multiple-blanks Multiple consecutive blank lines [Expected: 1; Actual: 949]
QA_REPORT.md:1086 MD012/no-multiple-blanks Multiple consecutive blank lines [Expected: 1; Actual: 950]
QA_REPORT.md:1087 MD012/no-multiple-blanks Multiple consecutive blank lines [Expected: 1; Actual: 951]
QA_REPORT.md:1088 MD012/no-multiple-blanks Multiple consecutive blank lines [Expected: 1; Actual: 952]
QA_REPORT.md:1089 MD012/no-multiple-blanks Multiple consecutive blank lines [Expected: 1; Actual: 953]
QA_REPORT.md:1090 MD012/no-multiple-blanks Multiple consecutive blank lines [Expected: 1; Actual: 954]
QA_REPORT.md:1091 MD012/no-multiple-blanks Multiple consecutive blank lines [Expected: 1; Actual: 955]
QA_REPORT.md:1092 MD012/no-multiple-blanks Multiple consecutive blank lines [Expected: 1; Actual: 956]
QA_REPORT.md:1093 MD012/no-multiple-blanks Multiple consecutive blank lines [Expected: 1; Actual: 957]
QA_REPORT.md:1094 MD012/no-multiple-blanks Multiple consecutive blank lines [Expected: 1; Actual: 958]
QA_REPORT.md:1095 MD012/no-multiple-blanks Multiple consecutive blank lines [Expected: 1; Actual: 959]
QA_REPORT.md:1096 MD012/no-multiple-blanks Multiple consecutive blank lines [Expected: 1; Actual: 960]
QA_REPORT.md:1097 MD012/no-multiple-blanks Multiple consecutive blank lines [Expected: 1; Actual: 961]
QA_REPORT.md:1098 MD012/no-multiple-blanks Multiple consecutive blank lines [Expected: 1; Actual: 962]
QA_REPORT.md:1099 MD012/no-multiple-blanks Multiple consecutive blank lines [Expected: 1; Actual: 963]
QA_REPORT.md:1100 MD012/no-multiple-blanks Multiple consecutive blank lines [Expected: 1; Actual: 964]
QA_REPORT.md:1101 MD012/no-multiple-blanks Multiple consecutive blank lines [Expected: 1; Actual: 965]
QA_REPORT.md:1102 MD012/no-multiple-blanks Multiple consecutive blank lines [Expected: 1; Actual: 966]
QA_REPORT.md:1103 MD012/no-multiple-blanks Multiple consecutive blank lines [Expected: 1; Actual: 967]
QA_REPORT.md:1104 MD012/no-multiple-blanks Multiple consecutive blank lines [Expected: 1; Actual: 968]
QA_REPORT.md:1105 MD012/no-multiple-blanks Multiple consecutive blank lines [Expected: 1; Actual: 969]
QA_REPORT.md:1106 MD012/no-multiple-blanks Multiple consecutive blank lines [Expected: 1; Actual: 970]
QA_REPORT.md:1107 MD012/no-multiple-blanks Multiple consecutive blank lines [Expected: 1; Actual: 971]
QA_REPORT.md:1108 MD012/no-multiple-blanks Multiple consecutive blank lines [Expected: 1; Actual: 972]
QA_REPORT.md:1109 MD012/no-multiple-blanks Multiple consecutive blank lines [Expected: 1; Actual: 973]
QA_REPORT.md:1110 MD012/no-multiple-blanks Multiple consecutive blank lines [Expected: 1; Actual: 974]
QA_REPORT.md:1111 MD012/no-multiple-blanks Multiple consecutive blank lines [Expected: 1; Actual: 975]
QA_REPORT.md:1112 MD012/no-multiple-blanks Multiple consecutive blank lines [Expected: 1; Actual: 976]
QA_REPORT.md:1113 MD012/no-multiple-blanks Multiple consecutive blank lines [Expected: 1; Actual: 977]
QA_REPORT.md:1114 MD012/no-multiple-blanks Multiple consecutive blank lines [Expected: 1; Actual: 978]
QA_REPORT.md:1115 MD012/no-multiple-blanks Multiple consecutive blank lines [Expected: 1; Actual: 979]
QA_REPORT.md:1116 MD012/no-multiple-blanks Multiple consecutive blank lines [Expected: 1; Actual: 980]
QA_REPORT.md:1117 MD012/no-multiple-blanks Multiple consecutive blank lines [Expected: 1; Actual: 981]
QA_REPORT.md:1118 MD012/no-multiple-blanks Multiple consecutive blank lines [Expected: 1; Actual: 982]
QA_REPORT.md:1119 MD012/no-multiple-blanks Multiple consecutive blank lines [Expected: 1; Actual: 983]
QA_REPORT.md:1120 MD012/no-multiple-blanks Multiple consecutive blank lines [Expected: 1; Actual: 984]
QA_REPORT.md:1121 MD012/no-multiple-blanks Multiple consecutive blank lines [Expected: 1; Actual: 985]
QA_REPORT.md:1122 MD012/no-multiple-blanks Multiple consecutive blank lines [Expected: 1; Actual: 986]
QA_REPORT.md:1123 MD012/no-multiple-blanks Multiple consecutive blank lines [Expected: 1; Actual: 987]
QA_REPORT.md:1124 MD012/no-multiple-blanks Multiple consecutive blank lines [Expected: 1; Actual: 988]
QA_REPORT.md:1125 MD012/no-multiple-blanks Multiple consecutive blank lines [Expected: 1; Actual: 989]
QA_REPORT.md:1126 MD012/no-multiple-blanks Multiple consecutive blank lines [Expected: 1; Actual: 990]
QA_REPORT.md:1127 MD012/no-multiple-blanks Multiple consecutive blank lines [Expected: 1; Actual: 991]
QA_REPORT.md:1128 MD012/no-multiple-blanks Multiple consecutive blank lines [Expected: 1; Actual: 992]
QA_REPORT.md:1129 MD012/no-multiple-blanks Multiple consecutive blank lines [Expected: 1; Actual: 993]
QA_REPORT.md:1130 MD012/no-multiple-blanks Multiple consecutive blank lines [Expected: 1; Actual: 994]
QA_REPORT.md:1131 MD012/no-multiple-blanks Multiple consecutive blank lines [Expected: 1; Actual: 995]
QA_REPORT.md:1132 MD012/no-multiple-blanks Multiple consecutive blank lines [Expected: 1; Actual: 996]
QA_REPORT.md:1133 MD012/no-multiple-blanks Multiple consecutive blank lines [Expected: 1; Actual: 997]
QA_REPORT.md:1134 MD012/no-multiple-blanks Multiple consecutive blank lines [Expected: 1; Actual: 998]
QA_REPORT.md:1135 MD012/no-multiple-blanks Multiple consecutive blank lines [Expected: 1; Actual: 999]
QA_REPORT.md:1136 MD012/no-multiple-blanks Multiple consecutive blank lines [Expected: 1; Actual: 1000]
QA_REPORT.md:1137 MD012/no-multiple-blanks Multiple consecutive blank lines [Expected: 1; Actual: 1001]
QA_REPORT.md:1138 MD012/no-multiple-blanks Multiple consecutive blank lines [Expected: 1; Actual: 1002]
QA_REPORT.md:1139 MD012/no-multiple-blanks Multiple consecutive blank lines [Expected: 1; Actual: 1003]
QA_REPORT.md:1140 MD012/no-multiple-blanks Multiple consecutive blank lines [Expected: 1; Actual: 1004]
QA_REPORT.md:1141 MD012/no-multiple-blanks Multiple consecutive blank lines [Expected: 1; Actual: 1005]
QA_REPORT.md:1142 MD012/no-multiple-blanks Multiple consecutive blank lines [Expected: 1; Actual: 1006]
README.md:3 MD036/no-emphasis-as-heading Emphasis used instead of a heading [Context: "Automatic Speech-to-Text for P..."]
sandbox/portable_bench/README.md:61:17 MD026/no-trailing-punctuation Trailing punctuation in heading [Punctuation: ':']
sandbox/portable_bench/README.md:136 MD040/fenced-code-language Fenced code blocks should have a language specified [Context: "```"]
markdownlint-cli2 v0.15.0 (markdownlint v0.36.1)
Finding: plans/documentation_automation_improvements.md .specify/documentation_analysis.md NEXT_SESSION.md LOGS_AND_PROMPTS.md
Linting: 4 file(s)
Summary: 117 error(s)
.specify/documentation_analysis.md:22:81 MD013/line-length Line length [Expected: 80; Actual: 167]
.specify/documentation_analysis.md:26 MD022/blanks-around-headings Headings should be surrounded by blank lines [Expected: 1; Actual: 0; Below] [Context: "### 1. The "Python Sidecar" Illusion"]
.specify/documentation_analysis.md:27:81 MD013/line-length Line length [Expected: 80; Actual: 131]
.specify/documentation_analysis.md:28:81 MD013/line-length Line length [Expected: 80; Actual: 170]
.specify/documentation_analysis.md:28 MD032/blanks-around-lists Lists should be surrounded by blank lines [Context: "- **Weakness**: `plan.md` sugg..."]
.specify/documentation_analysis.md:29:81 MD013/line-length Line length [Expected: 80; Actual: 154]
.specify/documentation_analysis.md:30:81 MD013/line-length Line length [Expected: 80; Actual: 141]
.specify/documentation_analysis.md:32 MD022/blanks-around-headings Headings should be surrounded by blank lines [Expected: 1; Actual: 0; Below] [Context: "### 2. "Real-Time" Diarization vs. Reality"]
.specify/documentation_analysis.md:33:81 MD013/line-length Line length [Expected: 80; Actual: 211]
.specify/documentation_analysis.md:34 MD032/blanks-around-lists Lists should be surrounded by blank lines [Context: "- **Weakness**: The `spec.md` ..."]
.specify/documentation_analysis.md:35:81 MD013/line-length Line length [Expected: 80; Actual: 99]
.specify/documentation_analysis.md:36:81 MD013/line-length Line length [Expected: 80; Actual: 142]
.specify/documentation_analysis.md:38 MD022/blanks-around-headings Headings should be surrounded by blank lines [Expected: 1; Actual: 0; Below] [Context: "### 3. IPC Fragility (Rust <-> Python)"]
.specify/documentation_analysis.md:40:81 MD013/line-length Line length [Expected: 80; Actual: 138]
.specify/documentation_analysis.md:40 MD032/blanks-around-lists Lists should be surrounded by blank lines [Context: "- **Weakness**: `ARCHITECTURE...."]
.specify/documentation_analysis.md:42:81 MD013/line-length Line length [Expected: 80; Actual: 194]
.specify/documentation_analysis.md:46 MD022/blanks-around-headings Headings should be surrounded by blank lines [Expected: 1; Actual: 0; Below] [Context: "### 4. Developer Experience (DX) Friction"]
.specify/documentation_analysis.md:47:81 MD013/line-length Line length [Expected: 80; Actual: 119]
.specify/documentation_analysis.md:48 MD032/blanks-around-lists Lists should be surrounded by blank lines [Context: "- **Weakness**: The current pl..."]
.specify/documentation_analysis.md:49:81 MD013/line-length Line length [Expected: 80; Actual: 124]
.specify/documentation_analysis.md:51 MD022/blanks-around-headings Headings should be surrounded by blank lines [Expected: 1; Actual: 0; Below] [Context: "### 5. UI "Wow" Factor vs. Clinical Safety"]
.specify/documentation_analysis.md:53 MD032/blanks-around-lists Lists should be surrounded by blank lines [Context: "- **Weakness**: `spec.md` lack..."]
.specify/documentation_analysis.md:54:81 MD013/line-length Line length [Expected: 80; Actual: 129]
.specify/documentation_analysis.md:59:1 MD030/list-marker-space Spaces after list markers [Expected: 1; Actual: 2]
.specify/documentation_analysis.md:59 MD032/blanks-around-lists Lists should be surrounded by blank lines [Context: "1.  **Update `plan.md`**: Add ..."]
.specify/documentation_analysis.md:60:1 MD030/list-marker-space Spaces after list markers [Expected: 1; Actual: 2]
.specify/documentation_analysis.md:61:1 MD030/list-marker-space Spaces after list markers [Expected: 1; Actual: 2]
LOGS_AND_PROMPTS.md:28 MD022/blanks-around-headings Headings should be surrounded by blank lines [Expected: 1; Actual: 0; Below] [Context: "### 1. Sandbox Test Logs"]
LOGS_AND_PROMPTS.md:29 MD058/blanks-around-tables Tables should be surrounded by blank lines [Context: "| Soubor | Popis | Datum |"]
LOGS_AND_PROMPTS.md:31:81 MD013/line-length Line length [Expected: 80; Actual: 86]
LOGS_AND_PROMPTS.md:34 MD022/blanks-around-headings Headings should be surrounded by blank lines [Expected: 1; Actual: 0; Below] [Context: "### 2. Automatizační Logy"]
LOGS_AND_PROMPTS.md:35 MD058/blanks-around-tables Tables should be surrounded by blank lines [Context: "| Soubor | Popis | Spouští |"]
LOGS_AND_PROMPTS.md:39 MD022/blanks-around-headings Headings should be surrounded by blank lines [Expected: 1; Actual: 0; Below] [Context: "### 3. QA Report"]
LOGS_AND_PROMPTS.md:40 MD058/blanks-around-tables Tables should be surrounded by blank lines [Context: "| Soubor | Popis |"]
LOGS_AND_PROMPTS.md:48 MD022/blanks-around-headings Headings should be surrounded by blank lines [Expected: 1; Actual: 0; Below] [Context: "### 1. Agent Prompts"]
LOGS_AND_PROMPTS.md:49 MD058/blanks-around-tables Tables should be surrounded by blank lines [Context: "| Umístění | Popis |"]
LOGS_AND_PROMPTS.md:53 MD022/blanks-around-headings Headings should be surrounded by blank lines [Expected: 1; Actual: 0; Below] [Context: "### 2. Spec-Kit Prompts"]
LOGS_AND_PROMPTS.md:54 MD058/blanks-around-tables Tables should be surrounded by blank lines [Context: "| Umístění | Popis |"]
LOGS_AND_PROMPTS.md:59 MD022/blanks-around-headings Headings should be surrounded by blank lines [Expected: 1; Actual: 0; Below] [Context: "### 3. Dokumentační Prompts"]
LOGS_AND_PROMPTS.md:60 MD058/blanks-around-tables Tables should be surrounded by blank lines [Context: "| Umístění | Popis |"]
LOGS_AND_PROMPTS.md:87 MD024/no-duplicate-heading Multiple headings with the same content [Context: "📁 LOGY (Test Outputs)"]
LOGS_AND_PROMPTS.md:89 MD022/blanks-around-headings Headings should be surrounded by blank lines [Expected: 1; Actual: 0; Below] [Context: "### 1. Sandbox Test Logs"]
LOGS_AND_PROMPTS.md:89 MD024/no-duplicate-heading Multiple headings with the same content [Context: "1. Sandbox Test Logs"]
LOGS_AND_PROMPTS.md:90 MD058/blanks-around-tables Tables should be surrounded by blank lines [Context: "| Soubor | Popis | Datum |"]
LOGS_AND_PROMPTS.md:92:81 MD013/line-length Line length [Expected: 80; Actual: 86]
LOGS_AND_PROMPTS.md:95 MD022/blanks-around-headings Headings should be surrounded by blank lines [Expected: 1; Actual: 0; Below] [Context: "### 2. Automatizační Logy"]
LOGS_AND_PROMPTS.md:95 MD024/no-duplicate-heading Multiple headings with the same content [Context: "2. Automatizační Logy"]
LOGS_AND_PROMPTS.md:96 MD058/blanks-around-tables Tables should be surrounded by blank lines [Context: "| Soubor | Popis | Spouští |"]
LOGS_AND_PROMPTS.md:100 MD022/blanks-around-headings Headings should be surrounded by blank lines [Expected: 1; Actual: 0; Below] [Context: "### 3. QA Report"]
LOGS_AND_PROMPTS.md:100 MD024/no-duplicate-heading Multiple headings with the same content [Context: "3. QA Report"]
LOGS_AND_PROMPTS.md:101 MD058/blanks-around-tables Tables should be surrounded by blank lines [Context: "| Soubor | Popis |"]
LOGS_AND_PROMPTS.md:107 MD024/no-duplicate-heading Multiple headings with the same content [Context: "🤖 PROMPTY (AI Prompts)"]
LOGS_AND_PROMPTS.md:109 MD022/blanks-around-headings Headings should be surrounded by blank lines [Expected: 1; Actual: 0; Below] [Context: "### 1. Agent Prompts"]
LOGS_AND_PROMPTS.md:109 MD024/no-duplicate-heading Multiple headings with the same content [Context: "1. Agent Prompts"]
LOGS_AND_PROMPTS.md:110 MD058/blanks-around-tables Tables should be surrounded by blank lines [Context: "| Umístění | Popis |"]
LOGS_AND_PROMPTS.md:114 MD022/blanks-around-headings Headings should be surrounded by blank lines [Expected: 1; Actual: 0; Below] [Context: "### 2. Spec-Kit Prompts"]
LOGS_AND_PROMPTS.md:114 MD024/no-duplicate-heading Multiple headings with the same content [Context: "2. Spec-Kit Prompts"]
LOGS_AND_PROMPTS.md:115 MD058/blanks-around-tables Tables should be surrounded by blank lines [Context: "| Umístění | Popis |"]
LOGS_AND_PROMPTS.md:120 MD022/blanks-around-headings Headings should be surrounded by blank lines [Expected: 1; Actual: 0; Below] [Context: "### 3. Dokumentační Prompts"]
LOGS_AND_PROMPTS.md:120 MD024/no-duplicate-heading Multiple headings with the same content [Context: "3. Dokumentační Prompts"]
LOGS_AND_PROMPTS.md:121 MD058/blanks-around-tables Tables should be surrounded by blank lines [Context: "| Umístění | Popis |"]
LOGS_AND_PROMPTS.md:127 MD024/no-duplicate-heading Multiple headings with the same content [Context: "⚙️ STAV AUTOMATIZACE (2026-02-..."]
LOGS_AND_PROMPTS.md:138 MD024/no-duplicate-heading Multiple headings with the same content [Context: "📋 ÚKOLY K PROVEDENÍ"]
LOGS_AND_PROMPTS.md:144 MD012/no-multiple-blanks Multiple consecutive blank lines [Expected: 1; Actual: 2]
LOGS_AND_PROMPTS.md:149 MD024/no-duplicate-heading Multiple headings with the same content [Context: "📁 LOGY (Test Outputs)"]
LOGS_AND_PROMPTS.md:151 MD022/blanks-around-headings Headings should be surrounded by blank lines [Expected: 1; Actual: 0; Below] [Context: "### 1. Sandbox Test Logs"]
LOGS_AND_PROMPTS.md:151 MD024/no-duplicate-heading Multiple headings with the same content [Context: "1. Sandbox Test Logs"]
LOGS_AND_PROMPTS.md:152 MD058/blanks-around-tables Tables should be surrounded by blank lines [Context: "| Soubor | Popis | Datum |"]
LOGS_AND_PROMPTS.md:154:81 MD013/line-length Line length [Expected: 80; Actual: 86]
LOGS_AND_PROMPTS.md:157 MD022/blanks-around-headings Headings should be surrounded by blank lines [Expected: 1; Actual: 0; Below] [Context: "### 2. Automatizační Logy"]
LOGS_AND_PROMPTS.md:157 MD024/no-duplicate-heading Multiple headings with the same content [Context: "2. Automatizační Logy"]
LOGS_AND_PROMPTS.md:158 MD058/blanks-around-tables Tables should be surrounded by blank lines [Context: "| Soubor | Popis | Spouští |"]
LOGS_AND_PROMPTS.md:162 MD022/blanks-around-headings Headings should be surrounded by blank lines [Expected: 1; Actual: 0; Below] [Context: "### 3. QA Report"]
LOGS_AND_PROMPTS.md:162 MD024/no-duplicate-heading Multiple headings with the same content [Context: "3. QA Report"]
LOGS_AND_PROMPTS.md:163 MD058/blanks-around-tables Tables should be surrounded by blank lines [Context: "| Soubor | Popis |"]
LOGS_AND_PROMPTS.md:169 MD024/no-duplicate-heading Multiple headings with the same content [Context: "🤖 PROMPTY (AI Prompts)"]
LOGS_AND_PROMPTS.md:171 MD022/blanks-around-headings Headings should be surrounded by blank lines [Expected: 1; Actual: 0; Below] [Context: "### 1. Spec-Kit Prompts"]
LOGS_AND_PROMPTS.md:172 MD058/blanks-around-tables Tables should be surrounded by blank lines [Context: "| Umístění | Popis |"]
LOGS_AND_PROMPTS.md:177 MD022/blanks-around-headings Headings should be surrounded by blank lines [Expected: 1; Actual: 0; Below] [Context: "### 2. Dokumentační Prompts"]
LOGS_AND_PROMPTS.md:178 MD058/blanks-around-tables Tables should be surrounded by blank lines [Context: "| Umístění | Popis |"]
LOGS_AND_PROMPTS.md:182 MD022/blanks-around-headings Headings should be surrounded by blank lines [Expected: 1; Actual: 0; Below] [Context: "### 3. Agent Prompts"]
LOGS_AND_PROMPTS.md:183 MD058/blanks-around-tables Tables should be surrounded by blank lines [Context: "| Umístění | Popis |"]
LOGS_AND_PROMPTS.md:201 MD024/no-duplicate-heading Multiple headings with the same content [Context: "📋 ÚKOLY K PROVEDENÍ"]
LOGS_AND_PROMPTS.md:207 MD012/no-multiple-blanks Multiple consecutive blank lines [Expected: 1; Actual: 2]
NEXT_SESSION.md:3 MD022/blanks-around-headings Headings should be surrounded by blank lines [Expected: 1; Actual: 0; Below] [Context: "## ✅ Co bylo dokončeno"]
NEXT_SESSION.md:4:33 MD009/no-trailing-spaces Trailing spaces [Expected: 0 or 2; Actual: 1]
NEXT_SESSION.md:4:1 MD030/list-marker-space Spaces after list markers [Expected: 1; Actual: 2]
NEXT_SESSION.md:4 MD032/blanks-around-lists Lists should be surrounded by blank lines [Context: "1.  **Kategorizované logování*..."]
NEXT_SESSION.md:5:81 MD013/line-length Line length [Expected: 80; Actual: 109]
NEXT_SESSION.md:6:81 MD013/line-length Line length [Expected: 80; Actual: 125]
NEXT_SESSION.md:7:81 MD013/line-length Line length [Expected: 80; Actual: 100]
NEXT_SESSION.md:7:1 MD030/list-marker-space Spaces after list markers [Expected: 1; Actual: 2]
NEXT_SESSION.md:8:1 MD030/list-marker-space Spaces after list markers [Expected: 1; Actual: 2]
NEXT_SESSION.md:10 MD022/blanks-around-headings Headings should be surrounded by blank lines [Expected: 1; Actual: 0; Below] [Context: "## ⚠️ Aktuální stav a problémy (BLOCKERS)"]
NEXT_SESSION.md:11:81 MD013/line-length Line length [Expected: 80; Actual: 272]
NEXT_SESSION.md:11 MD032/blanks-around-lists Lists should be surrounded by blank lines [Context: "- **Rozbitý Dashboard**: Pokus..."]
NEXT_SESSION.md:12:81 MD013/line-length Line length [Expected: 80; Actual: 178]
NEXT_SESSION.md:14 MD022/blanks-around-headings Headings should be surrounded by blank lines [Expected: 1; Actual: 0; Below] [Context: "## 🚀 Úkoly pro příště"]
NEXT_SESSION.md:15 MD032/blanks-around-lists Lists should be surrounded by blank lines [Context: "- [ ] **Vyčistit Dashboard**: ..."]
NEXT_SESSION.md:16:81 MD013/line-length Line length [Expected: 80; Actual: 112]
NEXT_SESSION.md:17:81 MD013/line-length Line length [Expected: 80; Actual: 115]
plans/documentation_automation_improvements.md:97:81 MD013/line-length Line length [Expected: 80; Actual: 88]
plans/documentation_automation_improvements.md:147 MD022/blanks-around-headings Headings should be surrounded by blank lines [Expected: 1; Actual: 0; Below] [Context: "### Fáze 1: Okamžité opravy"]
plans/documentation_automation_improvements.md:148 MD032/blanks-around-lists Lists should be surrounded by blank lines [Context: "- [ ] Opravit duplicity v QA_R..."]
plans/documentation_automation_improvements.md:152 MD022/blanks-around-headings Headings should be surrounded by blank lines [Expected: 1; Actual: 0; Below] [Context: "### Fáze 2: Pre-commit hooks"]
plans/documentation_automation_improvements.md:153 MD032/blanks-around-lists Lists should be surrounded by blank lines [Context: "- [ ] Vytvořit `check_duplicat..."]
plans/documentation_automation_improvements.md:157 MD022/blanks-around-headings Headings should be surrounded by blank lines [Expected: 1; Actual: 0; Below] [Context: "### Fáze 3: CI/CD integrace"]
plans/documentation_automation_improvements.md:158 MD032/blanks-around-lists Lists should be surrounded by blank lines [Context: "- [ ] Přidat workflow pro doku..."]
plans/documentation_automation_improvements.md:162 MD022/blanks-around-headings Headings should be surrounded by blank lines [Expected: 1; Actual: 0; Below] [Context: "### Fáze 4: Monitoring"]
plans/documentation_automation_improvements.md:163 MD032/blanks-around-lists Lists should be surrounded by blank lines [Context: "- [ ] Týdenní report o stavu d..."]
plans/documentation_automation_improvements.md:171 MD022/blanks-around-headings Headings should be surrounded by blank lines [Expected: 1; Actual: 0; Below] [Context: "### Timestamp formát"]
plans/documentation_automation_improvements.md:172 MD031/blanks-around-fences Fenced code blocks should be surrounded by blank lines [Context: "```"]
plans/documentation_automation_improvements.md:172 MD040/fenced-code-language Fenced code blocks should have a language specified [Context: "```"]
plans/documentation_automation_improvements.md:176 MD022/blanks-around-headings Headings should be surrounded by blank lines [Expected: 1; Actual: 0; Below] [Context: "### Struktura dokumentace"]
plans/documentation_automation_improvements.md:177 MD031/blanks-around-fences Fenced code blocks should be surrounded by blank lines [Context: "```"]
plans/documentation_automation_improvements.md:177 MD040/fenced-code-language Fenced code blocks should have a language specified [Context: "```"]
plans/documentation_automation_improvements.md:212 MD036/no-emphasis-as-heading Emphasis used instead of a heading [Context: "Poslední aktualizace: 2026-02-..."]
markdownlint-cli2 v0.15.0 (markdownlint v0.36.1)
Finding: sandbox/portable_bench/TEST_REPORT.md test-make-new-file.md PROPOSED_FIXES.md CRITICAL_ANALYSIS.md
Linting: 4 file(s)
Summary: 455 error(s)
CRITICAL_ANALYSIS.md:22 MD022/blanks-around-headings Headings should be surrounded by blank lines [Expected: 1; Actual: 0; Above] [Context: "## Shrnutí"]
CRITICAL_ANALYSIS.md:24:81 MD013/line-length Line length [Expected: 80; Actual: 214]
CRITICAL_ANALYSIS.md:33 MD032/blanks-around-lists Lists should be surrounded by blank lines [Context: "- Jasná hierarchie dokumentů: ..."]
CRITICAL_ANALYSIS.md:40:81 MD013/line-length Line length [Expected: 80; Actual: 115]
CRITICAL_ANALYSIS.md:40 MD032/blanks-around-lists Lists should be surrounded by blank lines [Context: "- **CHYBA:** ARCHITECTURE.md:6..."]
CRITICAL_ANALYSIS.md:47 MD032/blanks-around-lists Lists should be surrounded by blank lines [Context: "- ✅ STT testovací modul skuteč..."]
CRITICAL_ANALYSIS.md:54 MD032/blanks-around-lists Lists should be surrounded by blank lines [Context: "- **Neplatný odkaz:** Cesta v ..."]
CRITICAL_ANALYSIS.md:56:81 MD013/line-length Line length [Expected: 80; Actual: 95]
CRITICAL_ANALYSIS.md:62:81 MD013/line-length Line length [Expected: 80; Actual: 86]
CRITICAL_ANALYSIS.md:69 MD040/fenced-code-language Fenced code blocks should have a language specified [Context: "```"]
CRITICAL_ANALYSIS.md:86 MD032/blanks-around-lists Lists should be surrounded by blank lines [Context: "- Track systém je dobře navrže..."]
CRITICAL_ANALYSIS.md:91 MD032/blanks-around-lists Lists should be surrounded by blank lines [Context: "- **Identita:** `app_temp` v k..."]
CRITICAL_ANALYSIS.md:101:81 MD013/line-length Line length [Expected: 80; Actual: 85]
CRITICAL_ANALYSIS.md:107 MD032/blanks-around-lists Lists should be surrounded by blank lines [Context: "- CONSTITUTION.md správně zdůr..."]
CRITICAL_ANALYSIS.md:112 MD032/blanks-around-lists Lists should be surrounded by blank lines [Context: "- `tauri.conf.json` má `"csp":..."]
CRITICAL_ANALYSIS.md:123:81 MD013/line-length Line length [Expected: 80; Actual: 102]
CRITICAL_ANALYSIS.md:162:81 MD013/line-length Line length [Expected: 80; Actual: 200]
CRITICAL_ANALYSIS.md:165 MD032/blanks-around-lists Lists should be surrounded by blank lines [Context: "1. Špatná cesta v ARCHITECTURE..."]
CRITICAL_ANALYSIS.md:170 MD032/blanks-around-lists Lists should be surrounded by blank lines [Context: "- ✅ Funkční STT modul v sandbo..."]
CRITICAL_ANALYSIS.md:180 MD036/no-emphasis-as-heading Emphasis used instead of a heading [Context: "Analýza vytvořena: 2026-02-13 ..."]
CRITICAL_ANALYSIS.md:182 MD024/no-duplicate-heading Multiple headings with the same content [Context: "Shrnutí"]
CRITICAL_ANALYSIS.md:184:81 MD013/line-length Line length [Expected: 80; Actual: 209]
CRITICAL_ANALYSIS.md:188 MD024/no-duplicate-heading Multiple headings with the same content [Context: "1. Kritické Hodnocení Dokument..."]
CRITICAL_ANALYSIS.md:190 MD024/no-duplicate-heading Multiple headings with the same content [Context: "1.1 Struktura a Hierarchie"]
CRITICAL_ANALYSIS.md:193 MD032/blanks-around-lists Lists should be surrounded by blank lines [Context: "- Jasná hierarchie dokumentů: ..."]
CRITICAL_ANALYSIS.md:199 MD032/blanks-around-lists Lists should be surrounded by blank lines [Context: "- Hierarchie je příliš komplex..."]
CRITICAL_ANALYSIS.md:203 MD024/no-duplicate-heading Multiple headings with the same content [Context: "1.2 Logika a Srozumitelnost"]
CRITICAL_ANALYSIS.md:206:81 MD013/line-length Line length [Expected: 80; Actual: 113]
CRITICAL_ANALYSIS.md:206 MD032/blanks-around-lists Lists should be surrounded by blank lines [Context: "- **Kontradikce v ARCHITECTURE..."]
CRITICAL_ANALYSIS.md:207:81 MD013/line-length Line length [Expected: 80; Actual: 118]
CRITICAL_ANALYSIS.md:208:81 MD013/line-length Line length [Expected: 80; Actual: 103]
CRITICAL_ANALYSIS.md:211 MD032/blanks-around-lists Lists should be surrounded by blank lines [Context: "- **Vibe Coding** - použito be..."]
CRITICAL_ANALYSIS.md:215 MD024/no-duplicate-heading Multiple headings with the same content [Context: "1.3 Soulad s Vibe Coding"]
CRITICAL_ANALYSIS.md:219:81 MD013/line-length Line length [Expected: 80; Actual: 85]
CRITICAL_ANALYSIS.md:224 MD024/no-duplicate-heading Multiple headings with the same content [Context: "1.4 Verifikovatelnost"]
CRITICAL_ANALYSIS.md:226 MD040/fenced-code-language Fenced code blocks should have a language specified [Context: "```"]
CRITICAL_ANALYSIS.md:237 MD024/no-duplicate-heading Multiple headings with the same content [Context: "2. Kritické Hodnocení Návrhu P..."]
CRITICAL_ANALYSIS.md:239 MD024/no-duplicate-heading Multiple headings with the same content [Context: "2.1 Architektura"]
CRITICAL_ANALYSIS.md:242 MD032/blanks-around-lists Lists should be surrounded by blank lines [Context: "- **Dokumentace**: `aSTT-RUST`"]
CRITICAL_ANALYSIS.md:249 MD024/no-duplicate-heading Multiple headings with the same content [Context: "2.2 Technologický Stack"]
CRITICAL_ANALYSIS.md:262:81 MD013/line-length Line length [Expected: 80; Actual: 96]
CRITICAL_ANALYSIS.md:262 MD032/blanks-around-lists Lists should be surrounded by blank lines [Context: "1. **Python Sidecar**: ARCHITE..."]
CRITICAL_ANALYSIS.md:264:81 MD013/line-length Line length [Expected: 80; Actual: 130]
CRITICAL_ANALYSIS.md:269 MD032/blanks-around-lists Lists should be surrounded by blank lines [Context: "- CONSTITUTION.md správně zdůr..."]
CRITICAL_ANALYSIS.md:273 MD032/blanks-around-lists Lists should be surrounded by blank lines [Context: "- `tauri.conf.json` má `"csp":..."]
CRITICAL_ANALYSIS.md:278 MD024/no-duplicate-heading Multiple headings with the same content [Context: "3. Konkrétní Chyby v Dokumenta..."]
CRITICAL_ANALYSIS.md:280 MD024/no-duplicate-heading Multiple headings with the same content [Context: "3.1 Neplatné Odkazy"]
CRITICAL_ANALYSIS.md:285:81 MD013/line-length Line length [Expected: 80; Actual: 96]
CRITICAL_ANALYSIS.md:286:81 MD013/line-length Line length [Expected: 80; Actual: 85]
CRITICAL_ANALYSIS.md:291:81 MD013/line-length Line length [Expected: 80; Actual: 107]
CRITICAL_ANALYSIS.md:303 MD024/no-duplicate-heading Multiple headings with the same content [Context: "4. Doporučení"]
CRITICAL_ANALYSIS.md:334 MD024/no-duplicate-heading Multiple headings with the same content [Context: "5. Závěr"]
CRITICAL_ANALYSIS.md:336:81 MD013/line-length Line length [Expected: 80; Actual: 238]
CRITICAL_ANALYSIS.md:339 MD032/blanks-around-lists Lists should be surrounded by blank lines [Context: "1. **Identita**: `app_temp` vs..."]
CRITICAL_ANALYSIS.md:345 MD032/blanks-around-lists Lists should be surrounded by blank lines [Context: "- Tauri 2 + Svelte 5 = moderní..."]
CRITICAL_ANALYSIS.md:354 MD036/no-emphasis-as-heading Emphasis used instead of a heading [Context: "Analýza vytvořena: 2026-02-13"]
CRITICAL_ANALYSIS.md:356 MD024/no-duplicate-heading Multiple headings with the same content [Context: "Shrnutí"]
CRITICAL_ANALYSIS.md:358:81 MD013/line-length Line length [Expected: 80; Actual: 209]
CRITICAL_ANALYSIS.md:362 MD024/no-duplicate-heading Multiple headings with the same content [Context: "1. Kritické Hodnocení Dokument..."]
CRITICAL_ANALYSIS.md:364 MD024/no-duplicate-heading Multiple headings with the same content [Context: "1.1 Struktura a Hierarchie"]
CRITICAL_ANALYSIS.md:367 MD032/blanks-around-lists Lists should be surrounded by blank lines [Context: "- Jasná hierarchie dokumentů: ..."]
CRITICAL_ANALYSIS.md:373 MD032/blanks-around-lists Lists should be surrounded by blank lines [Context: "- Hierarchie je příliš komplex..."]
CRITICAL_ANALYSIS.md:377 MD024/no-duplicate-heading Multiple headings with the same content [Context: "1.2 Logika a Srozumitelnost"]
CRITICAL_ANALYSIS.md:380:81 MD013/line-length Line length [Expected: 80; Actual: 113]
CRITICAL_ANALYSIS.md:380 MD032/blanks-around-lists Lists should be surrounded by blank lines [Context: "- **Kontradikce v ARCHITECTURE..."]
CRITICAL_ANALYSIS.md:381:81 MD013/line-length Line length [Expected: 80; Actual: 118]
CRITICAL_ANALYSIS.md:382:81 MD013/line-length Line length [Expected: 80; Actual: 103]
CRITICAL_ANALYSIS.md:385 MD032/blanks-around-lists Lists should be surrounded by blank lines [Context: "- **Vibe Coding** - použito be..."]
CRITICAL_ANALYSIS.md:389 MD024/no-duplicate-heading Multiple headings with the same content [Context: "1.3 Soulad s Vibe Coding"]
CRITICAL_ANALYSIS.md:393:81 MD013/line-length Line length [Expected: 80; Actual: 85]
CRITICAL_ANALYSIS.md:398 MD024/no-duplicate-heading Multiple headings with the same content [Context: "1.4 Verifikovatelnost"]
CRITICAL_ANALYSIS.md:400 MD040/fenced-code-language Fenced code blocks should have a language specified [Context: "```"]
CRITICAL_ANALYSIS.md:411 MD024/no-duplicate-heading Multiple headings with the same content [Context: "2. Kritické Hodnocení Návrhu P..."]
CRITICAL_ANALYSIS.md:413 MD024/no-duplicate-heading Multiple headings with the same content [Context: "2.1 Architektura"]
CRITICAL_ANALYSIS.md:416 MD032/blanks-around-lists Lists should be surrounded by blank lines [Context: "- **Dokumentace**: `aSTT-RUST`"]
CRITICAL_ANALYSIS.md:423 MD024/no-duplicate-heading Multiple headings with the same content [Context: "2.2 Technologický Stack"]
CRITICAL_ANALYSIS.md:433 MD024/no-duplicate-heading Multiple headings with the same content [Context: "2.3 Modulární Návrh"]
CRITICAL_ANALYSIS.md:436:81 MD013/line-length Line length [Expected: 80; Actual: 96]
CRITICAL_ANALYSIS.md:436 MD032/blanks-around-lists Lists should be surrounded by blank lines [Context: "1. **Python Sidecar**: ARCHITE..."]
CRITICAL_ANALYSIS.md:438:81 MD013/line-length Line length [Expected: 80; Actual: 130]
CRITICAL_ANALYSIS.md:440 MD024/no-duplicate-heading Multiple headings with the same content [Context: "2.4 Bezpečnost a Soukromí"]
CRITICAL_ANALYSIS.md:443 MD032/blanks-around-lists Lists should be surrounded by blank lines [Context: "- CONSTITUTION.md správně zdůr..."]
CRITICAL_ANALYSIS.md:447 MD032/blanks-around-lists Lists should be surrounded by blank lines [Context: "- `tauri.conf.json` má `"csp":..."]
CRITICAL_ANALYSIS.md:452 MD024/no-duplicate-heading Multiple headings with the same content [Context: "3. Konkrétní Chyby v Dokumenta..."]
CRITICAL_ANALYSIS.md:454 MD024/no-duplicate-heading Multiple headings with the same content [Context: "3.1 Neplatné Odkazy"]
CRITICAL_ANALYSIS.md:459:81 MD013/line-length Line length [Expected: 80; Actual: 96]
CRITICAL_ANALYSIS.md:460:81 MD013/line-length Line length [Expected: 80; Actual: 85]
CRITICAL_ANALYSIS.md:463 MD024/no-duplicate-heading Multiple headings with the same content [Context: "3.2 Faktické Chyby"]
CRITICAL_ANALYSIS.md:465:81 MD013/line-length Line length [Expected: 80; Actual: 107]
CRITICAL_ANALYSIS.md:469 MD024/no-duplicate-heading Multiple headings with the same content [Context: "3.3 Terminologické Zmatky"]
CRITICAL_ANALYSIS.md:477 MD024/no-duplicate-heading Multiple headings with the same content [Context: "4. Doporučení"]
CRITICAL_ANALYSIS.md:479 MD024/no-duplicate-heading Multiple headings with the same content [Context: "4.1 Kritická (Musí být opraven..."]
CRITICAL_ANALYSIS.md:488 MD024/no-duplicate-heading Multiple headings with the same content [Context: "4.2 Vysoká (Důležité pro vibe ..."]
CRITICAL_ANALYSIS.md:497 MD024/no-duplicate-heading Multiple headings with the same content [Context: "4.3 Střední (Budoucí vylepšení..."]
CRITICAL_ANALYSIS.md:508 MD024/no-duplicate-heading Multiple headings with the same content [Context: "5. Závěr"]
CRITICAL_ANALYSIS.md:510:81 MD013/line-length Line length [Expected: 80; Actual: 238]
CRITICAL_ANALYSIS.md:513 MD032/blanks-around-lists Lists should be surrounded by blank lines [Context: "1. **Identita**: `app_temp` vs..."]
CRITICAL_ANALYSIS.md:519 MD032/blanks-around-lists Lists should be surrounded by blank lines [Context: "- Tauri 2 + Svelte 5 = moderní..."]
CRITICAL_ANALYSIS.md:528 MD036/no-emphasis-as-heading Emphasis used instead of a heading [Context: "Analýza vytvořena: 2026-02-13"]
CRITICAL_ANALYSIS.md:530 MD024/no-duplicate-heading Multiple headings with the same content [Context: "Shrnutí"]
CRITICAL_ANALYSIS.md:532:81 MD013/line-length Line length [Expected: 80; Actual: 209]
CRITICAL_ANALYSIS.md:536 MD024/no-duplicate-heading Multiple headings with the same content [Context: "1. Kritické Hodnocení Dokument..."]
CRITICAL_ANALYSIS.md:538 MD024/no-duplicate-heading Multiple headings with the same content [Context: "1.1 Struktura a Hierarchie"]
CRITICAL_ANALYSIS.md:541 MD032/blanks-around-lists Lists should be surrounded by blank lines [Context: "- Jasná hierarchie dokumentů: ..."]
CRITICAL_ANALYSIS.md:547 MD032/blanks-around-lists Lists should be surrounded by blank lines [Context: "- Hierarchie je příliš komplex..."]
CRITICAL_ANALYSIS.md:551 MD024/no-duplicate-heading Multiple headings with the same content [Context: "1.2 Logika a Srozumitelnost"]
CRITICAL_ANALYSIS.md:554:81 MD013/line-length Line length [Expected: 80; Actual: 113]
CRITICAL_ANALYSIS.md:554 MD032/blanks-around-lists Lists should be surrounded by blank lines [Context: "- **Kontradikce v ARCHITECTURE..."]
CRITICAL_ANALYSIS.md:555:81 MD013/line-length Line length [Expected: 80; Actual: 118]
CRITICAL_ANALYSIS.md:556:81 MD013/line-length Line length [Expected: 80; Actual: 103]
CRITICAL_ANALYSIS.md:559 MD032/blanks-around-lists Lists should be surrounded by blank lines [Context: "- **Vibe Coding** - použito be..."]
CRITICAL_ANALYSIS.md:563 MD024/no-duplicate-heading Multiple headings with the same content [Context: "1.3 Soulad s Vibe Coding"]
CRITICAL_ANALYSIS.md:567:81 MD013/line-length Line length [Expected: 80; Actual: 85]
CRITICAL_ANALYSIS.md:572 MD024/no-duplicate-heading Multiple headings with the same content [Context: "1.4 Verifikovatelnost"]
CRITICAL_ANALYSIS.md:574 MD040/fenced-code-language Fenced code blocks should have a language specified [Context: "```"]
CRITICAL_ANALYSIS.md:585 MD024/no-duplicate-heading Multiple headings with the same content [Context: "2. Kritické Hodnocení Návrhu P..."]
CRITICAL_ANALYSIS.md:587 MD024/no-duplicate-heading Multiple headings with the same content [Context: "2.1 Architektura"]
CRITICAL_ANALYSIS.md:590 MD032/blanks-around-lists Lists should be surrounded by blank lines [Context: "- **Dokumentace**: `aSTT-RUST`"]
CRITICAL_ANALYSIS.md:597 MD024/no-duplicate-heading Multiple headings with the same content [Context: "2.2 Technologický Stack"]
CRITICAL_ANALYSIS.md:607 MD024/no-duplicate-heading Multiple headings with the same content [Context: "2.3 Modulární Návrh"]
CRITICAL_ANALYSIS.md:610:81 MD013/line-length Line length [Expected: 80; Actual: 96]
CRITICAL_ANALYSIS.md:610 MD032/blanks-around-lists Lists should be surrounded by blank lines [Context: "1. **Python Sidecar**: ARCHITE..."]
CRITICAL_ANALYSIS.md:612:81 MD013/line-length Line length [Expected: 80; Actual: 130]
CRITICAL_ANALYSIS.md:614 MD024/no-duplicate-heading Multiple headings with the same content [Context: "2.4 Bezpečnost a Soukromí"]
CRITICAL_ANALYSIS.md:617 MD032/blanks-around-lists Lists should be surrounded by blank lines [Context: "- CONSTITUTION.md správně zdůr..."]
CRITICAL_ANALYSIS.md:621 MD032/blanks-around-lists Lists should be surrounded by blank lines [Context: "- `tauri.conf.json` má `"csp":..."]
CRITICAL_ANALYSIS.md:626 MD024/no-duplicate-heading Multiple headings with the same content [Context: "3. Konkrétní Chyby v Dokumenta..."]
CRITICAL_ANALYSIS.md:628 MD024/no-duplicate-heading Multiple headings with the same content [Context: "3.1 Neplatné Odkazy"]
CRITICAL_ANALYSIS.md:633:81 MD013/line-length Line length [Expected: 80; Actual: 96]
CRITICAL_ANALYSIS.md:634:81 MD013/line-length Line length [Expected: 80; Actual: 85]
CRITICAL_ANALYSIS.md:637 MD024/no-duplicate-heading Multiple headings with the same content [Context: "3.2 Faktické Chyby"]
CRITICAL_ANALYSIS.md:639:81 MD013/line-length Line length [Expected: 80; Actual: 107]
CRITICAL_ANALYSIS.md:643 MD024/no-duplicate-heading Multiple headings with the same content [Context: "3.3 Terminologické Zmatky"]
CRITICAL_ANALYSIS.md:651 MD024/no-duplicate-heading Multiple headings with the same content [Context: "4. Doporučení"]
CRITICAL_ANALYSIS.md:653 MD024/no-duplicate-heading Multiple headings with the same content [Context: "4.1 Kritická (Musí být opraven..."]
CRITICAL_ANALYSIS.md:662 MD024/no-duplicate-heading Multiple headings with the same content [Context: "4.2 Vysoká (Důležité pro vibe ..."]
CRITICAL_ANALYSIS.md:671 MD024/no-duplicate-heading Multiple headings with the same content [Context: "4.3 Střední (Budoucí vylepšení..."]
CRITICAL_ANALYSIS.md:682 MD024/no-duplicate-heading Multiple headings with the same content [Context: "5. Závěr"]
CRITICAL_ANALYSIS.md:684:81 MD013/line-length Line length [Expected: 80; Actual: 238]
CRITICAL_ANALYSIS.md:687 MD032/blanks-around-lists Lists should be surrounded by blank lines [Context: "1. **Identita**: `app_temp` vs..."]
CRITICAL_ANALYSIS.md:693 MD032/blanks-around-lists Lists should be surrounded by blank lines [Context: "- Tauri 2 + Svelte 5 = moderní..."]
CRITICAL_ANALYSIS.md:702 MD036/no-emphasis-as-heading Emphasis used instead of a heading [Context: "Analýza vytvořena: 2026-02-13"]
CRITICAL_ANALYSIS.md:708:81 MD013/line-length Line length [Expected: 80; Actual: 110]
CRITICAL_ANALYSIS.md:715 MD024/no-duplicate-heading Multiple headings with the same content [Context: "Shrnutí"]
CRITICAL_ANALYSIS.md:717:81 MD013/line-length Line length [Expected: 80; Actual: 209]
CRITICAL_ANALYSIS.md:721 MD024/no-duplicate-heading Multiple headings with the same content [Context: "1. Kritické Hodnocení Dokument..."]
CRITICAL_ANALYSIS.md:723 MD024/no-duplicate-heading Multiple headings with the same content [Context: "1.1 Struktura a Hierarchie"]
CRITICAL_ANALYSIS.md:726 MD032/blanks-around-lists Lists should be surrounded by blank lines [Context: "- Jasná hierarchie dokumentů: ..."]
CRITICAL_ANALYSIS.md:732 MD032/blanks-around-lists Lists should be surrounded by blank lines [Context: "- Hierarchie je příliš komplex..."]
CRITICAL_ANALYSIS.md:736 MD024/no-duplicate-heading Multiple headings with the same content [Context: "1.2 Logika a Srozumitelnost"]
CRITICAL_ANALYSIS.md:739:81 MD013/line-length Line length [Expected: 80; Actual: 113]
CRITICAL_ANALYSIS.md:739 MD032/blanks-around-lists Lists should be surrounded by blank lines [Context: "- **Kontradikce v ARCHITECTURE..."]
CRITICAL_ANALYSIS.md:740:81 MD013/line-length Line length [Expected: 80; Actual: 118]
CRITICAL_ANALYSIS.md:741:81 MD013/line-length Line length [Expected: 80; Actual: 103]
CRITICAL_ANALYSIS.md:744 MD032/blanks-around-lists Lists should be surrounded by blank lines [Context: "- **Vibe Coding** - použito be..."]
CRITICAL_ANALYSIS.md:748 MD024/no-duplicate-heading Multiple headings with the same content [Context: "1.3 Soulad s Vibe Coding"]
CRITICAL_ANALYSIS.md:750:81 MD013/line-length Line length [Expected: 80; Actual: 99]
CRITICAL_ANALYSIS.md:754:81 MD013/line-length Line length [Expected: 80; Actual: 97]
CRITICAL_ANALYSIS.md:757:81 MD013/line-length Line length [Expected: 80; Actual: 94]
CRITICAL_ANALYSIS.md:759 MD024/no-duplicate-heading Multiple headings with the same content [Context: "1.4 Verifikovatelnost"]
CRITICAL_ANALYSIS.md:763 MD040/fenced-code-language Fenced code blocks should have a language specified [Context: "```"]
CRITICAL_ANALYSIS.md:774 MD024/no-duplicate-heading Multiple headings with the same content [Context: "2. Kritické Hodnocení Návrhu P..."]
CRITICAL_ANALYSIS.md:776 MD024/no-duplicate-heading Multiple headings with the same content [Context: "2.1 Architektura"]
CRITICAL_ANALYSIS.md:779 MD032/blanks-around-lists Lists should be surrounded by blank lines [Context: "- **Dokumentace**: `aSTT-RUST`"]
CRITICAL_ANALYSIS.md:786 MD024/no-duplicate-heading Multiple headings with the same content [Context: "2.2 Technologický Stack"]
CRITICAL_ANALYSIS.md:796 MD024/no-duplicate-heading Multiple headings with the same content [Context: "2.3 Modulární Návrh"]
CRITICAL_ANALYSIS.md:799:81 MD013/line-length Line length [Expected: 80; Actual: 96]
CRITICAL_ANALYSIS.md:799 MD032/blanks-around-lists Lists should be surrounded by blank lines [Context: "1. **Python Sidecar**: ARCHITE..."]
CRITICAL_ANALYSIS.md:804:81 MD013/line-length Line length [Expected: 80; Actual: 128]
CRITICAL_ANALYSIS.md:806 MD024/no-duplicate-heading Multiple headings with the same content [Context: "2.4 Bezpečnost a Soukromí"]
CRITICAL_ANALYSIS.md:809 MD032/blanks-around-lists Lists should be surrounded by blank lines [Context: "- CONSTITUTION.md správně zdůr..."]
CRITICAL_ANALYSIS.md:814 MD032/blanks-around-lists Lists should be surrounded by blank lines [Context: "- `tauri.conf.json` má `"csp":..."]
CRITICAL_ANALYSIS.md:820 MD024/no-duplicate-heading Multiple headings with the same content [Context: "3. Konkrétní Chyby v Dokumenta..."]
CRITICAL_ANALYSIS.md:822 MD024/no-duplicate-heading Multiple headings with the same content [Context: "3.1 Neplatné Odkazy"]
CRITICAL_ANALYSIS.md:828:81 MD013/line-length Line length [Expected: 80; Actual: 98]
CRITICAL_ANALYSIS.md:829:81 MD013/line-length Line length [Expected: 80; Actual: 88]
CRITICAL_ANALYSIS.md:831 MD024/no-duplicate-heading Multiple headings with the same content [Context: "3.2 Faktické Chyby"]
CRITICAL_ANALYSIS.md:833:81 MD013/line-length Line length [Expected: 80; Actual: 130]
CRITICAL_ANALYSIS.md:838 MD024/no-duplicate-heading Multiple headings with the same content [Context: "3.3 Terminologické Zmatky"]
CRITICAL_ANALYSIS.md:842:81 MD013/line-length Line length [Expected: 80; Actual: 95]
CRITICAL_ANALYSIS.md:846 MD024/no-duplicate-heading Multiple headings with the same content [Context: "4. Doporučení"]
CRITICAL_ANALYSIS.md:848 MD024/no-duplicate-heading Multiple headings with the same content [Context: "4.1 Kritická (Musí být opraven..."]
CRITICAL_ANALYSIS.md:852:81 MD013/line-length Line length [Expected: 80; Actual: 113]
CRITICAL_ANALYSIS.md:853:81 MD013/line-length Line length [Expected: 80; Actual: 85]
CRITICAL_ANALYSIS.md:857 MD024/no-duplicate-heading Multiple headings with the same content [Context: "4.2 Vysoká (Důležité pro vibe ..."]
CRITICAL_ANALYSIS.md:861:81 MD013/line-length Line length [Expected: 80; Actual: 83]
CRITICAL_ANALYSIS.md:863:81 MD013/line-length Line length [Expected: 80; Actual: 86]
CRITICAL_ANALYSIS.md:864:81 MD013/line-length Line length [Expected: 80; Actual: 97]
CRITICAL_ANALYSIS.md:866 MD024/no-duplicate-heading Multiple headings with the same content [Context: "4.3 Střední (Budoucí vylepšení..."]
CRITICAL_ANALYSIS.md:877 MD024/no-duplicate-heading Multiple headings with the same content [Context: "5. Závěr"]
CRITICAL_ANALYSIS.md:879:81 MD013/line-length Line length [Expected: 80; Actual: 237]
CRITICAL_ANALYSIS.md:882 MD032/blanks-around-lists Lists should be surrounded by blank lines [Context: "1. **Identita**: `app_temp` vs..."]
CRITICAL_ANALYSIS.md:888 MD032/blanks-around-lists Lists should be surrounded by blank lines [Context: "- Tauri 2 + Svelte 5 = moderní..."]
CRITICAL_ANALYSIS.md:893:81 MD013/line-length Line length [Expected: 80; Actual: 110]
CRITICAL_ANALYSIS.md:900 MD012/no-multiple-blanks Multiple consecutive blank lines [Expected: 1; Actual: 2]
CRITICAL_ANALYSIS.md:901 MD024/no-duplicate-heading Multiple headings with the same content [Context: "Shrnutí"]
CRITICAL_ANALYSIS.md:903:81 MD013/line-length Line length [Expected: 80; Actual: 214]
CRITICAL_ANALYSIS.md:907 MD024/no-duplicate-heading Multiple headings with the same content [Context: "1. Kritické Hodnocení Dokument..."]
CRITICAL_ANALYSIS.md:909 MD024/no-duplicate-heading Multiple headings with the same content [Context: "1.1 Struktura a Hierarchie"]
CRITICAL_ANALYSIS.md:912 MD032/blanks-around-lists Lists should be surrounded by blank lines [Context: "- Jasná hierarchie dokumentů: ..."]
CRITICAL_ANALYSIS.md:919:81 MD013/line-length Line length [Expected: 80; Actual: 115]
CRITICAL_ANALYSIS.md:919 MD032/blanks-around-lists Lists should be surrounded by blank lines [Context: "- **CHYBA:** ARCHITECTURE.md:6..."]
CRITICAL_ANALYSIS.md:923 MD024/no-duplicate-heading Multiple headings with the same content [Context: "1.2 Logika a Srozumitelnost"]
CRITICAL_ANALYSIS.md:926 MD032/blanks-around-lists Lists should be surrounded by blank lines [Context: "- ✅ STT testovací modul skuteč..."]
CRITICAL_ANALYSIS.md:933 MD032/blanks-around-lists Lists should be surrounded by blank lines [Context: "- **Neplatný odkaz:** Cesta v ..."]
CRITICAL_ANALYSIS.md:935:81 MD013/line-length Line length [Expected: 80; Actual: 95]
CRITICAL_ANALYSIS.md:937 MD024/no-duplicate-heading Multiple headings with the same content [Context: "1.3 Soulad s Vibe Coding"]
CRITICAL_ANALYSIS.md:941:81 MD013/line-length Line length [Expected: 80; Actual: 86]
CRITICAL_ANALYSIS.md:946 MD024/no-duplicate-heading Multiple headings with the same content [Context: "1.4 Verifikovatelnost"]
CRITICAL_ANALYSIS.md:948 MD040/fenced-code-language Fenced code blocks should have a language specified [Context: "```"]
CRITICAL_ANALYSIS.md:960 MD024/no-duplicate-heading Multiple headings with the same content [Context: "2. Kritické Hodnocení Návrhu P..."]
CRITICAL_ANALYSIS.md:962 MD024/no-duplicate-heading Multiple headings with the same content [Context: "2.1 Architektura"]
CRITICAL_ANALYSIS.md:965 MD032/blanks-around-lists Lists should be surrounded by blank lines [Context: "- Track systém je dobře navrže..."]
CRITICAL_ANALYSIS.md:970 MD032/blanks-around-lists Lists should be surrounded by blank lines [Context: "- **Identita:** `app_temp` v k..."]
CRITICAL_ANALYSIS.md:974 MD024/no-duplicate-heading Multiple headings with the same content [Context: "2.2 Technologický Stack"]
CRITICAL_ANALYSIS.md:980:81 MD013/line-length Line length [Expected: 80; Actual: 85]
CRITICAL_ANALYSIS.md:983 MD024/no-duplicate-heading Multiple headings with the same content [Context: "2.3 Bezpečnost a Soukromí"]
CRITICAL_ANALYSIS.md:986 MD032/blanks-around-lists Lists should be surrounded by blank lines [Context: "- CONSTITUTION.md správně zdůr..."]
CRITICAL_ANALYSIS.md:991 MD032/blanks-around-lists Lists should be surrounded by blank lines [Context: "- `tauri.conf.json` má `"csp":..."]
CRITICAL_ANALYSIS.md:996 MD024/no-duplicate-heading Multiple headings with the same content [Context: "3. Konkrétní Chyby v Dokumenta..."]
CRITICAL_ANALYSIS.md:998 MD024/no-duplicate-heading Multiple headings with the same content [Context: "3.1 Neplatné Odkazy"]
CRITICAL_ANALYSIS.md:1002:81 MD013/line-length Line length [Expected: 80; Actual: 102]
CRITICAL_ANALYSIS.md:1005 MD024/no-duplicate-heading Multiple headings with the same content [Context: "3.2 Terminologické Zmatky"]
CRITICAL_ANALYSIS.md:1012 MD024/no-duplicate-heading Multiple headings with the same content [Context: "4. Doporučení"]
CRITICAL_ANALYSIS.md:1014 MD024/no-duplicate-heading Multiple headings with the same content [Context: "4.1 Kritická"]
CRITICAL_ANALYSIS.md:1022 MD024/no-duplicate-heading Multiple headings with the same content [Context: "4.2 Vysoká"]
CRITICAL_ANALYSIS.md:1030 MD024/no-duplicate-heading Multiple headings with the same content [Context: "4.3 Střední"]
CRITICAL_ANALYSIS.md:1039 MD024/no-duplicate-heading Multiple headings with the same content [Context: "5. Závěr"]
CRITICAL_ANALYSIS.md:1041:81 MD013/line-length Line length [Expected: 80; Actual: 200]
CRITICAL_ANALYSIS.md:1044 MD032/blanks-around-lists Lists should be surrounded by blank lines [Context: "1. Špatná cesta v ARCHITECTURE..."]
CRITICAL_ANALYSIS.md:1049 MD032/blanks-around-lists Lists should be surrounded by blank lines [Context: "- ✅ Funkční STT modul v sandbo..."]
CRITICAL_ANALYSIS.md:1059 MD036/no-emphasis-as-heading Emphasis used instead of a heading [Context: "Analýza vytvořena: 2026-02-13 ..."]
CRITICAL_ANALYSIS.md:1061 MD024/no-duplicate-heading Multiple headings with the same content [Context: "Shrnutí"]
CRITICAL_ANALYSIS.md:1063:81 MD013/line-length Line length [Expected: 80; Actual: 209]
CRITICAL_ANALYSIS.md:1067 MD024/no-duplicate-heading Multiple headings with the same content [Context: "1. Kritické Hodnocení Dokument..."]
CRITICAL_ANALYSIS.md:1069 MD024/no-duplicate-heading Multiple headings with the same content [Context: "1.1 Struktura a Hierarchie"]
CRITICAL_ANALYSIS.md:1072 MD032/blanks-around-lists Lists should be surrounded by blank lines [Context: "- Jasná hierarchie dokumentů: ..."]
CRITICAL_ANALYSIS.md:1078 MD032/blanks-around-lists Lists should be surrounded by blank lines [Context: "- Hierarchie je příliš komplex..."]
CRITICAL_ANALYSIS.md:1082 MD024/no-duplicate-heading Multiple headings with the same content [Context: "1.2 Logika a Srozumitelnost"]
CRITICAL_ANALYSIS.md:1085:81 MD013/line-length Line length [Expected: 80; Actual: 113]
CRITICAL_ANALYSIS.md:1085 MD032/blanks-around-lists Lists should be surrounded by blank lines [Context: "- **Kontradikce v ARCHITECTURE..."]
CRITICAL_ANALYSIS.md:1086:81 MD013/line-length Line length [Expected: 80; Actual: 118]
CRITICAL_ANALYSIS.md:1087:81 MD013/line-length Line length [Expected: 80; Actual: 103]
CRITICAL_ANALYSIS.md:1090 MD032/blanks-around-lists Lists should be surrounded by blank lines [Context: "- **Vibe Coding** - použito be..."]
CRITICAL_ANALYSIS.md:1094 MD024/no-duplicate-heading Multiple headings with the same content [Context: "1.3 Soulad s Vibe Coding"]
CRITICAL_ANALYSIS.md:1098:81 MD013/line-length Line length [Expected: 80; Actual: 85]
CRITICAL_ANALYSIS.md:1103 MD024/no-duplicate-heading Multiple headings with the same content [Context: "1.4 Verifikovatelnost"]
CRITICAL_ANALYSIS.md:1105 MD040/fenced-code-language Fenced code blocks should have a language specified [Context: "```"]
CRITICAL_ANALYSIS.md:1116 MD024/no-duplicate-heading Multiple headings with the same content [Context: "2. Kritické Hodnocení Návrhu P..."]
CRITICAL_ANALYSIS.md:1118 MD024/no-duplicate-heading Multiple headings with the same content [Context: "2.1 Architektura"]
CRITICAL_ANALYSIS.md:1121 MD032/blanks-around-lists Lists should be surrounded by blank lines [Context: "- **Dokumentace**: `aSTT-RUST`"]
CRITICAL_ANALYSIS.md:1128 MD024/no-duplicate-heading Multiple headings with the same content [Context: "2.2 Technologický Stack"]
CRITICAL_ANALYSIS.md:1138 MD024/no-duplicate-heading Multiple headings with the same content [Context: "2.3 Modulární Návrh"]
CRITICAL_ANALYSIS.md:1141:81 MD013/line-length Line length [Expected: 80; Actual: 96]
CRITICAL_ANALYSIS.md:1141 MD032/blanks-around-lists Lists should be surrounded by blank lines [Context: "1. **Python Sidecar**: ARCHITE..."]
CRITICAL_ANALYSIS.md:1143:81 MD013/line-length Line length [Expected: 80; Actual: 130]
CRITICAL_ANALYSIS.md:1145 MD024/no-duplicate-heading Multiple headings with the same content [Context: "2.4 Bezpečnost a Soukromí"]
CRITICAL_ANALYSIS.md:1148 MD032/blanks-around-lists Lists should be surrounded by blank lines [Context: "- CONSTITUTION.md správně zdůr..."]
CRITICAL_ANALYSIS.md:1152 MD032/blanks-around-lists Lists should be surrounded by blank lines [Context: "- `tauri.conf.json` má `"csp":..."]
CRITICAL_ANALYSIS.md:1157 MD024/no-duplicate-heading Multiple headings with the same content [Context: "3. Konkrétní Chyby v Dokumenta..."]
CRITICAL_ANALYSIS.md:1159 MD024/no-duplicate-heading Multiple headings with the same content [Context: "3.1 Neplatné Odkazy"]
CRITICAL_ANALYSIS.md:1164:81 MD013/line-length Line length [Expected: 80; Actual: 96]
CRITICAL_ANALYSIS.md:1165:81 MD013/line-length Line length [Expected: 80; Actual: 85]
CRITICAL_ANALYSIS.md:1168 MD024/no-duplicate-heading Multiple headings with the same content [Context: "3.2 Faktické Chyby"]
CRITICAL_ANALYSIS.md:1170:81 MD013/line-length Line length [Expected: 80; Actual: 107]
CRITICAL_ANALYSIS.md:1174 MD024/no-duplicate-heading Multiple headings with the same content [Context: "3.3 Terminologické Zmatky"]
CRITICAL_ANALYSIS.md:1182 MD024/no-duplicate-heading Multiple headings with the same content [Context: "4. Doporučení"]
CRITICAL_ANALYSIS.md:1184 MD024/no-duplicate-heading Multiple headings with the same content [Context: "4.1 Kritická (Musí být opraven..."]
CRITICAL_ANALYSIS.md:1193 MD024/no-duplicate-heading Multiple headings with the same content [Context: "4.2 Vysoká (Důležité pro vibe ..."]
CRITICAL_ANALYSIS.md:1202 MD024/no-duplicate-heading Multiple headings with the same content [Context: "4.3 Střední (Budoucí vylepšení..."]
CRITICAL_ANALYSIS.md:1213 MD024/no-duplicate-heading Multiple headings with the same content [Context: "5. Závěr"]
CRITICAL_ANALYSIS.md:1215:81 MD013/line-length Line length [Expected: 80; Actual: 238]
CRITICAL_ANALYSIS.md:1218 MD032/blanks-around-lists Lists should be surrounded by blank lines [Context: "1. **Identita**: `app_temp` vs..."]
CRITICAL_ANALYSIS.md:1224 MD032/blanks-around-lists Lists should be surrounded by blank lines [Context: "- Tauri 2 + Svelte 5 = moderní..."]
CRITICAL_ANALYSIS.md:1233 MD036/no-emphasis-as-heading Emphasis used instead of a heading [Context: "Analýza vytvořena: 2026-02-13"]
CRITICAL_ANALYSIS.md:1235 MD024/no-duplicate-heading Multiple headings with the same content [Context: "Shrnutí"]
CRITICAL_ANALYSIS.md:1237:81 MD013/line-length Line length [Expected: 80; Actual: 209]
CRITICAL_ANALYSIS.md:1241 MD024/no-duplicate-heading Multiple headings with the same content [Context: "1. Kritické Hodnocení Dokument..."]
CRITICAL_ANALYSIS.md:1243 MD024/no-duplicate-heading Multiple headings with the same content [Context: "1.1 Struktura a Hierarchie"]
CRITICAL_ANALYSIS.md:1246 MD032/blanks-around-lists Lists should be surrounded by blank lines [Context: "- Jasná hierarchie dokumentů: ..."]
CRITICAL_ANALYSIS.md:1252 MD032/blanks-around-lists Lists should be surrounded by blank lines [Context: "- Hierarchie je příliš komplex..."]
CRITICAL_ANALYSIS.md:1256 MD024/no-duplicate-heading Multiple headings with the same content [Context: "1.2 Logika a Srozumitelnost"]
CRITICAL_ANALYSIS.md:1259:81 MD013/line-length Line length [Expected: 80; Actual: 113]
CRITICAL_ANALYSIS.md:1259 MD032/blanks-around-lists Lists should be surrounded by blank lines [Context: "- **Kontradikce v ARCHITECTURE..."]
CRITICAL_ANALYSIS.md:1260:81 MD013/line-length Line length [Expected: 80; Actual: 118]
CRITICAL_ANALYSIS.md:1261:81 MD013/line-length Line length [Expected: 80; Actual: 103]
CRITICAL_ANALYSIS.md:1264 MD032/blanks-around-lists Lists should be surrounded by blank lines [Context: "- **Vibe Coding** - použito be..."]
CRITICAL_ANALYSIS.md:1268 MD024/no-duplicate-heading Multiple headings with the same content [Context: "1.3 Soulad s Vibe Coding"]
CRITICAL_ANALYSIS.md:1272:81 MD013/line-length Line length [Expected: 80; Actual: 85]
CRITICAL_ANALYSIS.md:1277 MD024/no-duplicate-heading Multiple headings with the same content [Context: "1.4 Verifikovatelnost"]
CRITICAL_ANALYSIS.md:1279 MD040/fenced-code-language Fenced code blocks should have a language specified [Context: "```"]
CRITICAL_ANALYSIS.md:1290 MD024/no-duplicate-heading Multiple headings with the same content [Context: "2. Kritické Hodnocení Návrhu P..."]
CRITICAL_ANALYSIS.md:1292 MD024/no-duplicate-heading Multiple headings with the same content [Context: "2.1 Architektura"]
CRITICAL_ANALYSIS.md:1295 MD032/blanks-around-lists Lists should be surrounded by blank lines [Context: "- **Dokumentace**: `aSTT-RUST`"]
CRITICAL_ANALYSIS.md:1302 MD024/no-duplicate-heading Multiple headings with the same content [Context: "2.2 Technologický Stack"]
CRITICAL_ANALYSIS.md:1312 MD024/no-duplicate-heading Multiple headings with the same content [Context: "2.3 Modulární Návrh"]
CRITICAL_ANALYSIS.md:1315:81 MD013/line-length Line length [Expected: 80; Actual: 96]
CRITICAL_ANALYSIS.md:1315 MD032/blanks-around-lists Lists should be surrounded by blank lines [Context: "1. **Python Sidecar**: ARCHITE..."]
CRITICAL_ANALYSIS.md:1317:81 MD013/line-length Line length [Expected: 80; Actual: 130]
CRITICAL_ANALYSIS.md:1319 MD024/no-duplicate-heading Multiple headings with the same content [Context: "2.4 Bezpečnost a Soukromí"]
CRITICAL_ANALYSIS.md:1322 MD032/blanks-around-lists Lists should be surrounded by blank lines [Context: "- CONSTITUTION.md správně zdůr..."]
CRITICAL_ANALYSIS.md:1326 MD032/blanks-around-lists Lists should be surrounded by blank lines [Context: "- `tauri.conf.json` má `"csp":..."]
CRITICAL_ANALYSIS.md:1331 MD024/no-duplicate-heading Multiple headings with the same content [Context: "3. Konkrétní Chyby v Dokumenta..."]
CRITICAL_ANALYSIS.md:1333 MD024/no-duplicate-heading Multiple headings with the same content [Context: "3.1 Neplatné Odkazy"]
CRITICAL_ANALYSIS.md:1338:81 MD013/line-length Line length [Expected: 80; Actual: 96]
CRITICAL_ANALYSIS.md:1339:81 MD013/line-length Line length [Expected: 80; Actual: 85]
CRITICAL_ANALYSIS.md:1342 MD024/no-duplicate-heading Multiple headings with the same content [Context: "3.2 Faktické Chyby"]
CRITICAL_ANALYSIS.md:1344:81 MD013/line-length Line length [Expected: 80; Actual: 107]
CRITICAL_ANALYSIS.md:1348 MD024/no-duplicate-heading Multiple headings with the same content [Context: "3.3 Terminologické Zmatky"]
CRITICAL_ANALYSIS.md:1356 MD024/no-duplicate-heading Multiple headings with the same content [Context: "4. Doporučení"]
CRITICAL_ANALYSIS.md:1358 MD024/no-duplicate-heading Multiple headings with the same content [Context: "4.1 Kritická (Musí být opraven..."]
CRITICAL_ANALYSIS.md:1367 MD024/no-duplicate-heading Multiple headings with the same content [Context: "4.2 Vysoká (Důležité pro vibe ..."]
CRITICAL_ANALYSIS.md:1376 MD024/no-duplicate-heading Multiple headings with the same content [Context: "4.3 Střední (Budoucí vylepšení..."]
CRITICAL_ANALYSIS.md:1387 MD024/no-duplicate-heading Multiple headings with the same content [Context: "5. Závěr"]
CRITICAL_ANALYSIS.md:1389:81 MD013/line-length Line length [Expected: 80; Actual: 238]
CRITICAL_ANALYSIS.md:1392 MD032/blanks-around-lists Lists should be surrounded by blank lines [Context: "1. **Identita**: `app_temp` vs..."]
CRITICAL_ANALYSIS.md:1398 MD032/blanks-around-lists Lists should be surrounded by blank lines [Context: "- Tauri 2 + Svelte 5 = moderní..."]
CRITICAL_ANALYSIS.md:1407 MD036/no-emphasis-as-heading Emphasis used instead of a heading [Context: "Analýza vytvořena: 2026-02-13"]
CRITICAL_ANALYSIS.md:1409 MD024/no-duplicate-heading Multiple headings with the same content [Context: "Shrnutí"]
CRITICAL_ANALYSIS.md:1411:81 MD013/line-length Line length [Expected: 80; Actual: 209]
CRITICAL_ANALYSIS.md:1415 MD024/no-duplicate-heading Multiple headings with the same content [Context: "1. Kritické Hodnocení Dokument..."]
CRITICAL_ANALYSIS.md:1417 MD024/no-duplicate-heading Multiple headings with the same content [Context: "1.1 Struktura a Hierarchie"]
CRITICAL_ANALYSIS.md:1420 MD032/blanks-around-lists Lists should be surrounded by blank lines [Context: "- Jasná hierarchie dokumentů: ..."]
CRITICAL_ANALYSIS.md:1426 MD032/blanks-around-lists Lists should be surrounded by blank lines [Context: "- Hierarchie je příliš komplex..."]
CRITICAL_ANALYSIS.md:1430 MD024/no-duplicate-heading Multiple headings with the same content [Context: "1.2 Logika a Srozumitelnost"]
CRITICAL_ANALYSIS.md:1433:81 MD013/line-length Line length [Expected: 80; Actual: 113]
CRITICAL_ANALYSIS.md:1433 MD032/blanks-around-lists Lists should be surrounded by blank lines [Context: "- **Kontradikce v ARCHITECTURE..."]
CRITICAL_ANALYSIS.md:1434:81 MD013/line-length Line length [Expected: 80; Actual: 118]
CRITICAL_ANALYSIS.md:1435:81 MD013/line-length Line length [Expected: 80; Actual: 103]
CRITICAL_ANALYSIS.md:1438 MD032/blanks-around-lists Lists should be surrounded by blank lines [Context: "- **Vibe Coding** - použito be..."]
CRITICAL_ANALYSIS.md:1442 MD024/no-duplicate-heading Multiple headings with the same content [Context: "1.3 Soulad s Vibe Coding"]
CRITICAL_ANALYSIS.md:1446:81 MD013/line-length Line length [Expected: 80; Actual: 85]
CRITICAL_ANALYSIS.md:1451 MD024/no-duplicate-heading Multiple headings with the same content [Context: "1.4 Verifikovatelnost"]
CRITICAL_ANALYSIS.md:1453 MD040/fenced-code-language Fenced code blocks should have a language specified [Context: "```"]
CRITICAL_ANALYSIS.md:1464 MD024/no-duplicate-heading Multiple headings with the same content [Context: "2. Kritické Hodnocení Návrhu P..."]
CRITICAL_ANALYSIS.md:1466 MD024/no-duplicate-heading Multiple headings with the same content [Context: "2.1 Architektura"]
CRITICAL_ANALYSIS.md:1469 MD032/blanks-around-lists Lists should be surrounded by blank lines [Context: "- **Dokumentace**: `aSTT-RUST`"]
CRITICAL_ANALYSIS.md:1476 MD024/no-duplicate-heading Multiple headings with the same content [Context: "2.2 Technologický Stack"]
CRITICAL_ANALYSIS.md:1486 MD024/no-duplicate-heading Multiple headings with the same content [Context: "2.3 Modulární Návrh"]
CRITICAL_ANALYSIS.md:1489:81 MD013/line-length Line length [Expected: 80; Actual: 96]
CRITICAL_ANALYSIS.md:1489 MD032/blanks-around-lists Lists should be surrounded by blank lines [Context: "1. **Python Sidecar**: ARCHITE..."]
CRITICAL_ANALYSIS.md:1491:81 MD013/line-length Line length [Expected: 80; Actual: 130]
CRITICAL_ANALYSIS.md:1493 MD024/no-duplicate-heading Multiple headings with the same content [Context: "2.4 Bezpečnost a Soukromí"]
CRITICAL_ANALYSIS.md:1496 MD032/blanks-around-lists Lists should be surrounded by blank lines [Context: "- CONSTITUTION.md správně zdůr..."]
CRITICAL_ANALYSIS.md:1500 MD032/blanks-around-lists Lists should be surrounded by blank lines [Context: "- `tauri.conf.json` má `"csp":..."]
CRITICAL_ANALYSIS.md:1505 MD024/no-duplicate-heading Multiple headings with the same content [Context: "3. Konkrétní Chyby v Dokumenta..."]
CRITICAL_ANALYSIS.md:1507 MD024/no-duplicate-heading Multiple headings with the same content [Context: "3.1 Neplatné Odkazy"]
CRITICAL_ANALYSIS.md:1512:81 MD013/line-length Line length [Expected: 80; Actual: 96]
CRITICAL_ANALYSIS.md:1513:81 MD013/line-length Line length [Expected: 80; Actual: 85]
CRITICAL_ANALYSIS.md:1516 MD024/no-duplicate-heading Multiple headings with the same content [Context: "3.2 Faktické Chyby"]
CRITICAL_ANALYSIS.md:1518:81 MD013/line-length Line length [Expected: 80; Actual: 107]
CRITICAL_ANALYSIS.md:1522 MD024/no-duplicate-heading Multiple headings with the same content [Context: "3.3 Terminologické Zmatky"]
CRITICAL_ANALYSIS.md:1530 MD024/no-duplicate-heading Multiple headings with the same content [Context: "4. Doporučení"]
CRITICAL_ANALYSIS.md:1532 MD024/no-duplicate-heading Multiple headings with the same content [Context: "4.1 Kritická (Musí být opraven..."]
CRITICAL_ANALYSIS.md:1541 MD024/no-duplicate-heading Multiple headings with the same content [Context: "4.2 Vysoká (Důležité pro vibe ..."]
CRITICAL_ANALYSIS.md:1550 MD024/no-duplicate-heading Multiple headings with the same content [Context: "4.3 Střední (Budoucí vylepšení..."]
CRITICAL_ANALYSIS.md:1561 MD024/no-duplicate-heading Multiple headings with the same content [Context: "5. Závěr"]
CRITICAL_ANALYSIS.md:1563:81 MD013/line-length Line length [Expected: 80; Actual: 238]
CRITICAL_ANALYSIS.md:1566 MD032/blanks-around-lists Lists should be surrounded by blank lines [Context: "1. **Identita**: `app_temp` vs..."]
CRITICAL_ANALYSIS.md:1572 MD032/blanks-around-lists Lists should be surrounded by blank lines [Context: "- Tauri 2 + Svelte 5 = moderní..."]
CRITICAL_ANALYSIS.md:1581 MD036/no-emphasis-as-heading Emphasis used instead of a heading [Context: "Analýza vytvořena: 2026-02-13"]
CRITICAL_ANALYSIS.md:1587:81 MD013/line-length Line length [Expected: 80; Actual: 110]
CRITICAL_ANALYSIS.md:1594 MD024/no-duplicate-heading Multiple headings with the same content [Context: "Shrnutí"]
CRITICAL_ANALYSIS.md:1596:81 MD013/line-length Line length [Expected: 80; Actual: 209]
CRITICAL_ANALYSIS.md:1600 MD024/no-duplicate-heading Multiple headings with the same content [Context: "1. Kritické Hodnocení Dokument..."]
CRITICAL_ANALYSIS.md:1602 MD024/no-duplicate-heading Multiple headings with the same content [Context: "1.1 Struktura a Hierarchie"]
CRITICAL_ANALYSIS.md:1605 MD032/blanks-around-lists Lists should be surrounded by blank lines [Context: "- Jasná hierarchie dokumentů: ..."]
CRITICAL_ANALYSIS.md:1611 MD032/blanks-around-lists Lists should be surrounded by blank lines [Context: "- Hierarchie je příliš komplex..."]
CRITICAL_ANALYSIS.md:1615 MD024/no-duplicate-heading Multiple headings with the same content [Context: "1.2 Logika a Srozumitelnost"]
CRITICAL_ANALYSIS.md:1618:81 MD013/line-length Line length [Expected: 80; Actual: 113]
CRITICAL_ANALYSIS.md:1618 MD032/blanks-around-lists Lists should be surrounded by blank lines [Context: "- **Kontradikce v ARCHITECTURE..."]
CRITICAL_ANALYSIS.md:1619:81 MD013/line-length Line length [Expected: 80; Actual: 118]
CRITICAL_ANALYSIS.md:1620:81 MD013/line-length Line length [Expected: 80; Actual: 103]
CRITICAL_ANALYSIS.md:1623 MD032/blanks-around-lists Lists should be surrounded by blank lines [Context: "- **Vibe Coding** - použito be..."]
CRITICAL_ANALYSIS.md:1627 MD024/no-duplicate-heading Multiple headings with the same content [Context: "1.3 Soulad s Vibe Coding"]
CRITICAL_ANALYSIS.md:1629:81 MD013/line-length Line length [Expected: 80; Actual: 99]
CRITICAL_ANALYSIS.md:1633:81 MD013/line-length Line length [Expected: 80; Actual: 97]
CRITICAL_ANALYSIS.md:1636:81 MD013/line-length Line length [Expected: 80; Actual: 94]
CRITICAL_ANALYSIS.md:1638 MD024/no-duplicate-heading Multiple headings with the same content [Context: "1.4 Verifikovatelnost"]
CRITICAL_ANALYSIS.md:1642 MD040/fenced-code-language Fenced code blocks should have a language specified [Context: "```"]
CRITICAL_ANALYSIS.md:1653 MD024/no-duplicate-heading Multiple headings with the same content [Context: "2. Kritické Hodnocení Návrhu P..."]
CRITICAL_ANALYSIS.md:1655 MD024/no-duplicate-heading Multiple headings with the same content [Context: "2.1 Architektura"]
CRITICAL_ANALYSIS.md:1658 MD032/blanks-around-lists Lists should be surrounded by blank lines [Context: "- **Dokumentace**: `aSTT-RUST`"]
CRITICAL_ANALYSIS.md:1665 MD024/no-duplicate-heading Multiple headings with the same content [Context: "2.2 Technologický Stack"]
CRITICAL_ANALYSIS.md:1675 MD024/no-duplicate-heading Multiple headings with the same content [Context: "2.3 Modulární Návrh"]
CRITICAL_ANALYSIS.md:1678:81 MD013/line-length Line length [Expected: 80; Actual: 96]
CRITICAL_ANALYSIS.md:1678 MD032/blanks-around-lists Lists should be surrounded by blank lines [Context: "1. **Python Sidecar**: ARCHITE..."]
CRITICAL_ANALYSIS.md:1683:81 MD013/line-length Line length [Expected: 80; Actual: 128]
CRITICAL_ANALYSIS.md:1685 MD024/no-duplicate-heading Multiple headings with the same content [Context: "2.4 Bezpečnost a Soukromí"]
CRITICAL_ANALYSIS.md:1688 MD032/blanks-around-lists Lists should be surrounded by blank lines [Context: "- CONSTITUTION.md správně zdůr..."]
CRITICAL_ANALYSIS.md:1693 MD032/blanks-around-lists Lists should be surrounded by blank lines [Context: "- `tauri.conf.json` má `"csp":..."]
CRITICAL_ANALYSIS.md:1699 MD024/no-duplicate-heading Multiple headings with the same content [Context: "3. Konkrétní Chyby v Dokumenta..."]
CRITICAL_ANALYSIS.md:1701 MD024/no-duplicate-heading Multiple headings with the same content [Context: "3.1 Neplatné Odkazy"]
CRITICAL_ANALYSIS.md:1707:81 MD013/line-length Line length [Expected: 80; Actual: 98]
CRITICAL_ANALYSIS.md:1708:81 MD013/line-length Line length [Expected: 80; Actual: 88]
CRITICAL_ANALYSIS.md:1710 MD024/no-duplicate-heading Multiple headings with the same content [Context: "3.2 Faktické Chyby"]
CRITICAL_ANALYSIS.md:1712:81 MD013/line-length Line length [Expected: 80; Actual: 130]
CRITICAL_ANALYSIS.md:1717 MD024/no-duplicate-heading Multiple headings with the same content [Context: "3.3 Terminologické Zmatky"]
CRITICAL_ANALYSIS.md:1721:81 MD013/line-length Line length [Expected: 80; Actual: 95]
CRITICAL_ANALYSIS.md:1725 MD024/no-duplicate-heading Multiple headings with the same content [Context: "4. Doporučení"]
CRITICAL_ANALYSIS.md:1727 MD024/no-duplicate-heading Multiple headings with the same content [Context: "4.1 Kritická (Musí být opraven..."]
CRITICAL_ANALYSIS.md:1731:81 MD013/line-length Line length [Expected: 80; Actual: 113]
CRITICAL_ANALYSIS.md:1732:81 MD013/line-length Line length [Expected: 80; Actual: 85]
CRITICAL_ANALYSIS.md:1736 MD024/no-duplicate-heading Multiple headings with the same content [Context: "4.2 Vysoká (Důležité pro vibe ..."]
CRITICAL_ANALYSIS.md:1740:81 MD013/line-length Line length [Expected: 80; Actual: 83]
CRITICAL_ANALYSIS.md:1742:81 MD013/line-length Line length [Expected: 80; Actual: 86]
CRITICAL_ANALYSIS.md:1743:81 MD013/line-length Line length [Expected: 80; Actual: 97]
CRITICAL_ANALYSIS.md:1745 MD024/no-duplicate-heading Multiple headings with the same content [Context: "4.3 Střední (Budoucí vylepšení..."]
CRITICAL_ANALYSIS.md:1756 MD024/no-duplicate-heading Multiple headings with the same content [Context: "5. Závěr"]
CRITICAL_ANALYSIS.md:1758:81 MD013/line-length Line length [Expected: 80; Actual: 237]
CRITICAL_ANALYSIS.md:1761 MD032/blanks-around-lists Lists should be surrounded by blank lines [Context: "1. **Identita**: `app_temp` vs..."]
CRITICAL_ANALYSIS.md:1767 MD032/blanks-around-lists Lists should be surrounded by blank lines [Context: "- Tauri 2 + Svelte 5 = moderní..."]
CRITICAL_ANALYSIS.md:1772:81 MD013/line-length Line length [Expected: 80; Actual: 110]
CRITICAL_ANALYSIS.md:1779 MD012/no-multiple-blanks Multiple consecutive blank lines [Expected: 1; Actual: 2]
CRITICAL_ANALYSIS.md:1781 MD032/blanks-around-lists Lists should be surrounded by blank lines [Context: "- Tauri 2 + Svelte 5 = moderní..."]
CRITICAL_ANALYSIS.md:1786:81 MD013/line-length Line length [Expected: 80; Actual: 110]
CRITICAL_ANALYSIS.md:1793 MD012/no-multiple-blanks Multiple consecutive blank lines [Expected: 1; Actual: 2]
PROPOSED_FIXES.md:56 MD032/blanks-around-lists Lists should be surrounded by blank lines [Context: "- A) Vytvořit soubor"]
PROPOSED_FIXES.md:68 MD032/blanks-around-lists Lists should be surrounded by blank lines [Context: "- A) Vytvořit adresář .specify..."]
PROPOSED_FIXES.md:78 MD032/blanks-around-lists Lists should be surrounded by blank lines [Context: "- Staré odkazy s vysvětlením p..."]
PROPOSED_FIXES.md:87 MD022/blanks-around-headings Headings should be surrounded by blank lines [Expected: 1; Actual: 0; Below] [Context: "## ČEKÁM NA SCHVÁLENÍ"]
PROPOSED_FIXES.md:93 MD024/no-duplicate-heading Multiple headings with the same content [Context: "SEZNAM CHYB K OPRAVĚ"]
PROPOSED_FIXES.md:95 MD024/no-duplicate-heading Multiple headings with the same content [Context: "1. Špatná cesta v ARCHITECTURE..."]
PROPOSED_FIXES.md:107 MD024/no-duplicate-heading Multiple headings with the same content [Context: "2. Špatná cesta v .specify/pla..."]
PROPOSED_FIXES.md:115 MD024/no-duplicate-heading Multiple headings with the same content [Context: "3. Odkaz na neexistující soubo..."]
PROPOSED_FIXES.md:122 MD032/blanks-around-lists Lists should be surrounded by blank lines [Context: "- A) Vytvořit soubor"]
PROPOSED_FIXES.md:127 MD024/no-duplicate-heading Multiple headings with the same content [Context: "4. Odkaz na neexistující soubo..."]
PROPOSED_FIXES.md:134 MD032/blanks-around-lists Lists should be surrounded by blank lines [Context: "- A) Vytvořit adresář .specify..."]
PROPOSED_FIXES.md:139 MD024/no-duplicate-heading Multiple headings with the same content [Context: "NAVRHOVANÉ ŘEŠENÍ"]
PROPOSED_FIXES.md:141 MD024/no-duplicate-heading Multiple headings with the same content [Context: "Možnost A: Přesun s vysvětlení..."]
PROPOSED_FIXES.md:144 MD032/blanks-around-lists Lists should be surrounded by blank lines [Context: "- Staré odkazy s vysvětlením p..."]
PROPOSED_FIXES.md:147 MD024/no-duplicate-heading Multiple headings with the same content [Context: "Možnost B: Pouze opravit"]
PROPOSED_FIXES.md:153 MD024/no-duplicate-heading Multiple headings with the same content [Context: "ČEKÁM NA SCHVÁLENÍ"]
sandbox/portable_bench/TEST_REPORT.md:27 MD022/blanks-around-headings Headings should be surrounded by blank lines [Expected: 1; Actual: 0; Below] [Context: "### 1. Core Python Knihovny"]
sandbox/portable_bench/TEST_REPORT.md:28 MD032/blanks-around-lists Lists should be surrounded by blank lines [Context: "- ✅ platform, subprocess, ctyp..."]
sandbox/portable_bench/TEST_REPORT.md:37 MD022/blanks-around-headings Headings should be surrounded by blank lines [Expected: 1; Actual: 0; Below] [Context: "### 2. Hardware Detekce"]
sandbox/portable_bench/TEST_REPORT.md:38 MD032/blanks-around-lists Lists should be surrounded by blank lines [Context: "- ✅ OS: Windows 10"]
sandbox/portable_bench/TEST_REPORT.md:43 MD022/blanks-around-headings Headings should be surrounded by blank lines [Expected: 1; Actual: 0; Below] [Context: "### 3. Audio Subsystém"]
sandbox/portable_bench/TEST_REPORT.md:44 MD032/blanks-around-lists Lists should be surrounded by blank lines [Context: "- ✅ Audio INPUT: 8 vstupních z..."]
sandbox/portable_bench/TEST_REPORT.md:48 MD022/blanks-around-headings Headings should be surrounded by blank lines [Expected: 1; Actual: 0; Below] [Context: "### 4. FFmpeg"]
sandbox/portable_bench/TEST_REPORT.md:49 MD032/blanks-around-lists Lists should be surrounded by blank lines [Context: "- ✅ FFmpeg executable nalezen"]
sandbox/portable_bench/TEST_REPORT.md:53 MD022/blanks-around-headings Headings should be surrounded by blank lines [Expected: 1; Actual: 0; Below] [Context: "### 5. Network & Download"]
sandbox/portable_bench/TEST_REPORT.md:54 MD032/blanks-around-lists Lists should be surrounded by blank lines [Context: "- ✅ HTTP download funkční (tes..."]
sandbox/portable_bench/TEST_REPORT.md:57 MD022/blanks-around-headings Headings should be surrounded by blank lines [Expected: 1; Actual: 0; Below] [Context: "### 6. WhisperX STT Engine"]
sandbox/portable_bench/TEST_REPORT.md:58 MD032/blanks-around-lists Lists should be surrounded by blank lines [Context: "- ✅ Import úspěšný"]
sandbox/portable_bench/TEST_REPORT.md:64 MD022/blanks-around-headings Headings should be surrounded by blank lines [Expected: 1; Actual: 0; Below] [Context: "### 1. playsound"]
sandbox/portable_bench/TEST_REPORT.md:68:12 MD009/no-trailing-spaces Trailing spaces [Expected: 0 or 2; Actual: 1]
sandbox/portable_bench/TEST_REPORT.md:69 MD031/blanks-around-fences Fenced code blocks should be surrounded by blank lines [Context: "```powershell"]
sandbox/portable_bench/TEST_REPORT.md:73 MD022/blanks-around-headings Headings should be surrounded by blank lines [Expected: 1; Actual: 0; Below] [Context: "### 2. Windows Audio Meter (pycaw)"]
sandbox/portable_bench/TEST_REPORT.md:81 MD022/blanks-around-headings Headings should be surrounded by blank lines [Expected: 1; Actual: 0; Below] [Context: "### KRITICKÉ KOMPONENTY: ✅ VŠECHNY FUNGUJÍ"]
sandbox/portable_bench/TEST_REPORT.md:82 MD032/blanks-around-lists Lists should be surrounded by blank lines [Context: "- WhisperX STT engine ✅"]
sandbox/portable_bench/TEST_REPORT.md:88 MD022/blanks-around-headings Headings should be surrounded by blank lines [Expected: 1; Actual: 0; Below] [Context: "### OPTIONAL KOMPONENTY: ⚠️ 2 selhaly"]
sandbox/portable_bench/TEST_REPORT.md:89 MD032/blanks-around-lists Lists should be surrounded by blank lines [Context: "- playsound (snadno opraviteln..."]
sandbox/portable_bench/TEST_REPORT.md:95 MD031/blanks-around-fences Fenced code blocks should be surrounded by blank lines [Context: "```powershell"]
test-make-new-file.md:26 MD012/no-multiple-blanks Multiple consecutive blank lines [Expected: 1; Actual: 2]
markdownlint-cli2 v0.15.0 (markdownlint v0.36.1)
Finding: sandbox/portable_bench/FINAL_TEST_REPORT.md documentation_analysis.md plans/documentation_automation_improvements_v2.md
Linting: 3 file(s)
Summary: 74 error(s)
documentation_analysis.md:22:81 MD013/line-length Line length [Expected: 80; Actual: 150]
documentation_analysis.md:26 MD022/blanks-around-headings Headings should be surrounded by blank lines [Expected: 1; Actual: 0; Below] [Context: "### 1. The "Python Sidecar" Illusion"]
documentation_analysis.md:27:81 MD013/line-length Line length [Expected: 80; Actual: 131]
documentation_analysis.md:28:81 MD013/line-length Line length [Expected: 80; Actual: 170]
documentation_analysis.md:28 MD032/blanks-around-lists Lists should be surrounded by blank lines [Context: "- **Weakness**: `plan.md` sugg..."]
documentation_analysis.md:29:81 MD013/line-length Line length [Expected: 80; Actual: 154]
documentation_analysis.md:30:81 MD013/line-length Line length [Expected: 80; Actual: 141]
documentation_analysis.md:32 MD022/blanks-around-headings Headings should be surrounded by blank lines [Expected: 1; Actual: 0; Below] [Context: "### 2. "Real-Time" Diarization vs. Reality"]
documentation_analysis.md:33:81 MD013/line-length Line length [Expected: 80; Actual: 211]
documentation_analysis.md:34 MD032/blanks-around-lists Lists should be surrounded by blank lines [Context: "- **Weakness**: The `spec.md` ..."]
documentation_analysis.md:35:81 MD013/line-length Line length [Expected: 80; Actual: 99]
documentation_analysis.md:36:81 MD013/line-length Line length [Expected: 80; Actual: 142]
documentation_analysis.md:38 MD022/blanks-around-headings Headings should be surrounded by blank lines [Expected: 1; Actual: 0; Below] [Context: "### 3. IPC Fragility (Rust <-> Python)"]
documentation_analysis.md:40:81 MD013/line-length Line length [Expected: 80; Actual: 138]
documentation_analysis.md:40 MD032/blanks-around-lists Lists should be surrounded by blank lines [Context: "- **Weakness**: `ARCHITECTURE...."]
documentation_analysis.md:42:81 MD013/line-length Line length [Expected: 80; Actual: 194]
documentation_analysis.md:46 MD022/blanks-around-headings Headings should be surrounded by blank lines [Expected: 1; Actual: 0; Below] [Context: "### 4. Developer Experience (DX) Friction"]
documentation_analysis.md:47:81 MD013/line-length Line length [Expected: 80; Actual: 119]
documentation_analysis.md:48 MD032/blanks-around-lists Lists should be surrounded by blank lines [Context: "- **Weakness**: The current pl..."]
documentation_analysis.md:49:81 MD013/line-length Line length [Expected: 80; Actual: 124]
documentation_analysis.md:51 MD022/blanks-around-headings Headings should be surrounded by blank lines [Expected: 1; Actual: 0; Below] [Context: "### 5. UI "Wow" Factor vs. Clinical Safety"]
documentation_analysis.md:53 MD032/blanks-around-lists Lists should be surrounded by blank lines [Context: "- **Weakness**: `spec.md` lack..."]
documentation_analysis.md:54:81 MD013/line-length Line length [Expected: 80; Actual: 129]
documentation_analysis.md:58 MD022/blanks-around-headings Headings should be surrounded by blank lines [Expected: 1; Actual: 0; Below] [Context: "## 🛠 Immediate Action Plan"]
documentation_analysis.md:59 MD032/blanks-around-lists Lists should be surrounded by blank lines [Context: "1. **Update `plan.md`**: Add s..."]
plans/documentation_automation_improvements_v2.md:41 MD022/blanks-around-headings Headings should be surrounded by blank lines [Expected: 1; Actual: 0; Below] [Context: "#### 1. Kritické: Duplicitní konfigurace"]
plans/documentation_automation_improvements_v2.md:42 MD031/blanks-around-fences Fenced code blocks should be surrounded by blank lines [Context: "```"]
plans/documentation_automation_improvements_v2.md:42 MD040/fenced-code-language Fenced code blocks should have a language specified [Context: "```"]
plans/documentation_automation_improvements_v2.md:46 MD022/blanks-around-headings Headings should be surrounded by blank lines [Expected: 1; Actual: 0; Below] [Context: "#### 2. Chybějící skripty"]
plans/documentation_automation_improvements_v2.md:47:81 MD013/line-length Line length [Expected: 80; Actual: 144]
plans/documentation_automation_improvements_v2.md:48 MD032/blanks-around-lists Lists should be surrounded by blank lines [Context: "- `scripts/check_duplicates.ps..."]
plans/documentation_automation_improvements_v2.md:52 MD022/blanks-around-headings Headings should be surrounded by blank lines [Expected: 1; Actual: 0; Below] [Context: "#### 3. Žádná prevence duplicit"]
plans/documentation_automation_improvements_v2.md:53 MD032/blanks-around-lists Lists should be surrounded by blank lines [Context: "- Žádný pre-commit hook"]
plans/documentation_automation_improvements_v2.md:56 MD022/blanks-around-headings Headings should be surrounded by blank lines [Expected: 1; Actual: 0; Below] [Context: "#### 4. Omezená CI/CD"]
plans/documentation_automation_improvements_v2.md:57 MD032/blanks-around-lists Lists should be surrounded by blank lines [Context: "- `ci.yml` testuje pouze front..."]
plans/documentation_automation_improvements_v2.md:74 MD022/blanks-around-headings Headings should be surrounded by blank lines [Expected: 1; Actual: 0; Below] [Context: "#### 1.1 Oprava `.mega-linter.yml`"]
plans/documentation_automation_improvements_v2.md:108:81 MD013/line-length Line length [Expected: 80; Actual: 95]
plans/documentation_automation_improvements_v2.md:139:81 MD013/line-length Line length [Expected: 80; Actual: 89]
plans/documentation_automation_improvements_v2.md:214 MD022/blanks-around-headings Headings should be surrounded by blank lines [Expected: 1; Actual: 0; Below] [Context: "#### 4.1 Týdenní report"]
plans/documentation_automation_improvements_v2.md:216 MD032/blanks-around-lists Lists should be surrounded by blank lines [Context: "- Počet duplicitních souborů"]
plans/documentation_automation_improvements_v2.md:220 MD022/blanks-around-headings Headings should be surrounded by blank lines [Expected: 1; Actual: 0; Below] [Context: "#### 4.2 Dashboard v QA_REPORT.md"]
plans/documentation_automation_improvements_v2.md:227 MD022/blanks-around-headings Headings should be surrounded by blank lines [Expected: 1; Actual: 0; Below] [Context: "### Fáze 1: Okamžité opravy"]
plans/documentation_automation_improvements_v2.md:228 MD032/blanks-around-lists Lists should be surrounded by blank lines [Context: "- [ ] Opravit duplicity v `.me..."]
plans/documentation_automation_improvements_v2.md:233 MD022/blanks-around-headings Headings should be surrounded by blank lines [Expected: 1; Actual: 0; Below] [Context: "### Fáze 2: Pre-commit hooks"]
plans/documentation_automation_improvements_v2.md:234 MD032/blanks-around-lists Lists should be surrounded by blank lines [Context: "- [ ] Nastavit Git pre-commit ..."]
plans/documentation_automation_improvements_v2.md:237 MD022/blanks-around-headings Headings should be surrounded by blank lines [Expected: 1; Actual: 0; Below] [Context: "### Fáze 3: CI/CD integrace"]
plans/documentation_automation_improvements_v2.md:238 MD032/blanks-around-lists Lists should be surrounded by blank lines [Context: "- [ ] Vytvořit `.github/workfl..."]
plans/documentation_automation_improvements_v2.md:242 MD022/blanks-around-headings Headings should be surrounded by blank lines [Expected: 1; Actual: 0; Below] [Context: "### Fáze 4: Monitoring"]
plans/documentation_automation_improvements_v2.md:243 MD032/blanks-around-lists Lists should be surrounded by blank lines [Context: "- [ ] Rozšířit `update_docs.ps..."]
plans/documentation_automation_improvements_v2.md:286:81 MD013/line-length Line length [Expected: 80; Actual: 92]
plans/documentation_automation_improvements_v2.md:288:81 MD013/line-length Line length [Expected: 80; Actual: 82]
plans/documentation_automation_improvements_v2.md:304 MD022/blanks-around-headings Headings should be surrounded by blank lines [Expected: 1; Actual: 0; Below] [Context: "### Priorita implementace:"]
plans/documentation_automation_improvements_v2.md:304:26 MD026/no-trailing-punctuation Trailing punctuation in heading [Punctuation: ':']
plans/documentation_automation_improvements_v2.md:305 MD032/blanks-around-lists Lists should be surrounded by blank lines [Context: "1. **IHNEĐ**: Opravit `.mega-l..."]
plans/documentation_automation_improvements_v2.md:310 MD022/blanks-around-headings Headings should be surrounded by blank lines [Expected: 1; Actual: 0; Below] [Context: "### Odpovědnosti:"]
plans/documentation_automation_improvements_v2.md:310:17 MD026/no-trailing-punctuation Trailing punctuation in heading [Punctuation: ':']
plans/documentation_automation_improvements_v2.md:311 MD032/blanks-around-lists Lists should be surrounded by blank lines [Context: "- **Code mód**: Implementace s..."]
plans/documentation_automation_improvements_v2.md:317 MD036/no-emphasis-as-heading Emphasis used instead of a heading [Context: "Poslední aktualizace: 2026-02-..."]
sandbox/portable_bench/FINAL_TEST_REPORT.md:33 MD022/blanks-around-headings Headings should be surrounded by blank lines [Expected: 1; Actual: 0; Below] [Context: "### 1. ✅ Core Python Knihovny (100%)"]
sandbox/portable_bench/FINAL_TEST_REPORT.md:34 MD032/blanks-around-lists Lists should be surrounded by blank lines [Context: "- ✅ numpy v2.2.6"]
sandbox/portable_bench/FINAL_TEST_REPORT.md:42 MD022/blanks-around-headings Headings should be surrounded by blank lines [Expected: 1; Actual: 0; Below] [Context: "### 2. ✅ Hardware Detekce (100%)"]
sandbox/portable_bench/FINAL_TEST_REPORT.md:43 MD032/blanks-around-lists Lists should be surrounded by blank lines [Context: "- ✅ OS: Windows 10"]
sandbox/portable_bench/FINAL_TEST_REPORT.md:48 MD022/blanks-around-headings Headings should be surrounded by blank lines [Expected: 1; Actual: 0; Below] [Context: "### 3. ✅ Audio Subsystém (100%)"]
sandbox/portable_bench/FINAL_TEST_REPORT.md:49 MD032/blanks-around-lists Lists should be surrounded by blank lines [Context: "- ✅ **8 vstupních zařízení** d..."]
sandbox/portable_bench/FINAL_TEST_REPORT.md:53 MD022/blanks-around-headings Headings should be surrounded by blank lines [Expected: 1; Actual: 0; Below] [Context: "### 4. ✅ FFmpeg (100%)"]
sandbox/portable_bench/FINAL_TEST_REPORT.md:54 MD032/blanks-around-lists Lists should be surrounded by blank lines [Context: "- ✅ FFmpeg 8.0.1-essentials na..."]
sandbox/portable_bench/FINAL_TEST_REPORT.md:57 MD022/blanks-around-headings Headings should be surrounded by blank lines [Expected: 1; Actual: 0; Below] [Context: "### 5. ✅ Network (100%)"]
sandbox/portable_bench/FINAL_TEST_REPORT.md:58 MD032/blanks-around-lists Lists should be surrounded by blank lines [Context: "- ✅ HTTP download funkční"]
sandbox/portable_bench/FINAL_TEST_REPORT.md:61 MD022/blanks-around-headings Headings should be surrounded by blank lines [Expected: 1; Actual: 0; Below] [Context: "### 6. ✅ WhisperX STT Engine (100%)"]
sandbox/portable_bench/FINAL_TEST_REPORT.md:62 MD032/blanks-around-lists Lists should be surrounded by blank lines [Context: "- ✅ Import úspěšný"]
sandbox/portable_bench/FINAL_TEST_REPORT.md:68 MD022/blanks-around-headings Headings should be surrounded by blank lines [Expected: 1; Actual: 0; Below] [Context: "### 1. playsound"]
sandbox/portable_bench/FINAL_TEST_REPORT.md:72 MD022/blanks-around-headings Headings should be surrounded by blank lines [Expected: 1; Actual: 0; Below] [Context: "### 2. pycaw Audio Meter"]
sandbox/portable_bench/FINAL_TEST_REPORT.md:79:31 MD026/no-trailing-punctuation Trailing punctuation in heading [Punctuation: '!']
sandbox/portable_bench/FINAL_TEST_REPORT.md:123:81 MD013/line-length Line length [Expected: 80; Actual: 86]

